SampleID,Tag_Brand,Tag_Color Code,Tag_Color,Tag_Coarseness,
HYUNDAI 3M (S1)-LS,HYUNDAI,3M,VANILLA WHITE,NA,
HYUNDAI 3M (S2)-LS,HYUNDAI,3M,VANILLA WHITE,NA,
HYUNDAI GT (S1)-LS,HYUNDAI,GT,CRYSTAL WHITE,NA,
HYUNDAI GT (S2)-LS,HYUNDAI,GT,CRYSTAL WHITE,NA,
HYUNDAI 9Z (S2)-LS,HYUNDAI,9Z,ARCTIC WHITE,NA,
AUDI LA9B (S1)-LS,AUDI,LA9B,COOL WHITE,NA,
AUDI LA9B (S2)-LS,AUDI,LA9B,COOL WHITE,NA,
AUDI LA9B (S3)-LS,AUDI,LA9B,COOL WHITE,NA,
AUDI LB9A (S1)-LS,AUDI,LB9A,CANDYWEISS,NA,
AUDI LB9A (S2)-LS,AUDI,LB9A,CANDYWEISS,NA,
HYUNDAI NAA (S1)-LS,HYUNDAI,NAA,CERAMIC WHITE,NA,
HYUNDAI NAA (S2)-LS,HYUNDAI,NAA,CERAMIC WHITE,NA,
HYUNDAI NW (S1)-LS,HYUNDAI,NW,NOBLE WHITE,NA,
HYUNDAI NW (S2)-LS,HYUNDAI,NW,NOBLE WHITE,NA,
HYUNDAI OA (S1)-LS,HYUNDAI,OA,CREAM WHITE,NA,
HYUNDAI PT (S1)-LS,HYUNDAI,PT,PAPYRUS WHITE,NA,
AUDI LC9A (S1)-LS,AUDI,LC9A,PURE WHITE,NA,
HYUNDAI SW (S2)-LS,HYUNDAI,SW,SPECIAL WHITE,NA,
HYUNDAI RBC (S1)-LS,HYUNDAI,RBC,POLAR WHITE,NA,
AUDI LY9G (S1)-LS,AUDI,LY9G,CASABLANCAWEISS,NA,
AUDI LY9G (S2)-LS,AUDI,LY9G,CASABLANCAWEISS,NA,
AUDI LR9A (S1)-LS,AUDI,LR9A,CAMPANELLAWEISS,NA,
DAEWOO 10L (S1)-LS,DAEWOO,10L,CASABLANCA WHITE,NA,
DAEWOO 10L (S2)-LS,DAEWOO,10L,CASABLANCA WHITE,NA,
DAEWOO 11U (S1)-LS,DAEWOO,11U,GALAXY WHITE,NA,
HYUNDAI UD (S1)-LS,HYUNDAI,UD,CLEAR WHITE,NA,
AUDI LH9L (S1)-LS,AUDI,LH9L,SHELLWEISS,NA,
HYUNDAI TRP (S1)-LS,HYUNDAI,TRP,VOLCANIC RED,NA,
HYUNDAI UD (S2)-LS,HYUNDAI,UD,CLEAR WHITE,NA,
HYUNDAI WW (S1)-LS,HYUNDAI,WW,WHITE WISH,NA,
HYUNDAI WAB (S1)-LS,HYUNDAI,WAB,VANILLA WHITE,NA,
HYUNDAI NGA (S1)-LS,HYUNDAI,NGA,SUPER RED,NA,
HYUNDAI IA (S2)-LS,HYUNDAI,IA,VIVID YELLOW,NA,
NISSAN 002 (S1)-LS,NISSAN,002,WHITE,NA,
NISSAN D31 (S1)-LS,NISSAN,D31,CASABLANCA WHITE,NA,
NISSAN 326 (S1)-LS,NISSAN,326,SUPER WHITE,NA,
KIA UC (S1)-LS,KIA,UC,CRYSTAL WHITE,NA,
KIA UC (S2)-LS,KIA,UC,CRYSTAL WHITE,NA,
KIA WD (S1)-LS,KIA,WD,CASA WHITE,NA,
KIA WD (S2)-LS,KIA,WD,CASA WHITE,NA,
KIA PT (S1)-LS,KIA,PT,PAPYRUS WHITE,NA,
KIA 1D (S1)-LS,KIA,1D,CLEAR WHITE,NA,
KIA 7F (S1)-LS,KIA,7F,SOLID WHITE,NA,
KIA 7F (S2)-LS,KIA,7F,SOLID WHITE,NA,
KIA PH (S1)-LS,KIA,PH,POLAR WHITE,NA,
KIA PH (S2)-LS,KIA,PH,POLAR WHITE,NA,
KIA AW (S1)-LS,KIA,AW,ASPEN WHITE,NA,
MAZDA 14L (S1)-LS,MAZDA,14L,OXFORD WHITE,NA,
MAZDA 14L (S2)-LS,MAZDA,14L,OXFORD WHITE,NA,
MAZDA WY (S1)-LS,MAZDA,WY,NOBLE WHITE,NA,
MAZDA WY (S2)-LS,MAZDA,WY,NOBLE WHITE,NA,
MAZDA A4D (S1)-LS,MAZDA,A4D,ARCTIC WHITE,NA,
MAZDA A4D (S2)-LS,MAZDA,A4D,ARCTIC WHITE,NA,
MERCEDES 7187 (S1)-LS,MERCEDES,7187,LKW GRAU,NA,
MAZDA A3D (S1)-LS,MAZDA,A3D,PURE WHITE,NA,
MAZDA A2N (S1)-LS,MAZDA,A2N,GLACIER WHITE,NA,
MAZDA A2N (S2)-LS,MAZDA,A2N,GLACIER WHITE,NA,
TOYOTA 040 (S1)-LS,TOYOTA,040,SUPER WHITE 2,NA,
MERCEDES 147 (S1)-LS,MERCEDES,147,ARKTIKWEISS,NA,
TOYOTA 045 (S1)-LS,TOYOTA,045,GLACIAL WHITE,NA,
TOYOTA 045 (S2)-LS,TOYOTA,045,GLACIAL WHITE,NA,
TOYOTA 040 (S2)-LS,TOYOTA,040,SUPER WHITE 2,NA,
TOYOTA 048 (S1)-LS,TOYOTA,048,WHITE,NA,
TOYOTA 058 (S1)-LS,TOYOTA,058,WHITE,NA,
TOYOTA 056 (S1)-LS,TOYOTA,056,WHITE,NA,
TOYOTA 056 (S2)-LS,TOYOTA,056,WHITE,NA,
MAZDA A5Y (S1)-LS,MAZDA,A5Y,FROZEN WHITE,NA,
MAZDA A5Y (S2)-LS,MAZDA,A5Y,FROZEN WHITE,NA,
MAZDA A7A (S1)-LS,MAZDA,A7A,WHITE SUEDE,NA,
MAZDA HC (S1)-LS,MAZDA,HC,NEO WHITE,NA,
MAZDA HS (S1)-LS,MAZDA,HS,CYGNUS WHITE,NA,
MAZDA HS (S2)-LS,MAZDA,HS,CYGNUS WHITE,NA,
MAZDA UA (S1)-LS,MAZDA,UA,CAMEO WHITE,NA,
TOYOTA 3J6 (S1)-LS,TOYOTA,3J6,SUPER RED 3,NA,
MAZDA UB (S1)-LS,MAZDA,UB,OXFORD WHITE,NA,
MAZDA UF (S1)-LS,MAZDA,UF,CLEAR WHITE,NA,
MAZDA UF (S2)-LS,MAZDA,UF,CLEAR WHITE,NA,
MAZDA UK (S1)-LS,MAZDA,UK,PERFORMANCE WHITE,NA,
MAZDA WT (S1)-LS,MAZDA,WT,FORMULA WHITE,NA,
MAZDA WT (S2)-LS,MAZDA,WT,FORMULA WHITE,NA,
MAZDA WU (S1)-LS,MAZDA,WU,DOVER WHITE,NA,
MAZDA WU (S2)-LS,MAZDA,WU,DOVER WHITE,NA,
MAZDA WW (S1)-LS,MAZDA,WW,COTTON WHITE,NA,
TOYOTA 058 (S2)-LS,TOYOTA,058,WHITE,NA,
TOYOTA W09 (S2)-LS,TOYOTA,W09,WHITE,NA,
KIA UD (S2)-LS,KIA,UD,CLEAR WHITE,NA,
TOYOTA 068 (S1)-LS,TOYOTA,068,WHITE,NA,
TOYOTA 5A6 (S1)-LS,TOYOTA,5A6,YELLOW,NA,
TOYOTA W09 (S1)-LS,TOYOTA,W09,WHITE,NA,
RAL 7040 (S1)-LS,RAL,7040,FENSTERGRAU,NA,
RAL 5002 (S1)-LS,RAL,5002,ULTRAMARINBLAU,NA,
RAL 1032 (S1)-LS,RAL,1032,GINSTERGELB,NA,
RAL 2000 (S1)-LS,RAL,2000,GELBORANGE,NA,
TOYOTA 3E5 (S1)-LS,TOYOTA,3E5,SUPER RED 2,NA,
AUDI LXK0 (S1)-LS,AUDI,LXK0,CALLA LILY WHITE,NA,
HYUNDAI SW (S1)-LS,HYUNDAI,SW,SPECIAL WHITE,NA,
HYUNDAI 9Z (S1)-LS,HYUNDAI,9Z,ARCTIC WHITE,NA,
TOYOTA 068 (S2)-LS,TOYOTA,068,WHITE,NA,
TOYOTA 3E5 (S2)-LS,TOYOTA,3E5,SUPER RED 2,NA,
KIA UD (S1)-LS,KIA,UD,CLEAR WHITE,NA,
DAEWOO SW0 (S1)-LS,DAEWOO,SW0,SUPERIOR WHITE,NA,
HYUNDAI IA (S1)-LS,HYUNDAI,IA,VIVID YELLOW,NA,
MAZDA WW (S2)-LS,MAZDA,WW,COTTON WHITE,NA,
TOYOTA 3J6 (S2)-LS,TOYOTA,3J6,SUPER RED 3,NA,
NISSAN 002- (S1)-LS,NISSAN,002,WHITE,NA,
NISSAN D31- (S1)-LS,NISSAN,D31,CASABLANCA WHITE,NA,
NISSAN 326 (S1)-LS,NISSAN,326,SUPER WHITE,NA,
AUDI LE9D (S1)-LS,AUDI,LE9D,BRANCO GLACIAL,NA,
RAL 1000 (S1)-LS,RAL,1000,GRUENBEIGE,NA,
RAL 1001 (S1)-LS,RAL,1001,BEIGE,NA,
RAL 1002 (S1)-LS,RAL,1002,SANDGELB,NA,
RAL 1003 (S1)-LS,RAL,1003,SIGNALGELB,NA,
RAL 1004 (S1)-LS,RAL,1004,GOLDGELB,NA,
RAL 1005 (S1)-LS,RAL,1005,HONIGGELB,NA,
RAL 1006 (S1)-LS,RAL,1006,MAISGELB,NA,
RAL 1007 (S1)-LS,RAL,1007,NARZISSENGELB,NA,
RAL 1011 (S1)-LS,RAL,1011,BRAUNBEIGE,NA,
RAL 1012 (S1)-LS,RAL,1012,ZITRONENGELB,NA,
RAL 1013 (S1)-LS,RAL,1013,PERLWEISS,NA,
RAL 1014 (S1)-LS,RAL,1014,ELFENBEIN,NA,
RAL 1015 (S1)-LS,RAL,1015,HELLELFENBEIN,NA,
RAL 1016 (S1)-LS,RAL,1016,SCHWEFELGELB,NA,
RAL 1017 (S1)-LS,RAL,1017,SAFRANGELB,NA,
RAL 1018 (S1)-LS,RAL,1018,ZINKGELB,NA,
RAL 1019 (S1)-LS,RAL,1019,GRAUBEIGE,NA,
RAL 1020 (S1)-LS,RAL,1020,OLIVGELB,NA,
RAL 1021 (S1)-LS,RAL,1021,RAPSGELB,NA,
RAL 1023 (S1)-LS,RAL,1023,VERKEHRSGELB,NA,
RAL 1024 (S1)-LS,RAL,1024,OCKERGELB,NA,
RAL 1027 (S1)-LS,RAL,1027,CURRYGELB,NA,
RAL 1033 (S1)-LS,RAL,1033,DALIENGELB,NA,
RAL 1034 (S1)-LS,RAL,1034,PASTELLGELB,NA,
RAL 2000 (S1)-LS,RAL,2000,GELBORANGE,NA,
RAL 2001 (S1)-LS,RAL,2001,ROTORANGE,NA,
RAL 2002 (S1)-LS,RAL,2002,BLUTORANGE,NA,
RAL 2003 (S1)-LS,RAL,2003,PASTELLORANGE,NA,
RAL 2004 (S1)-LS,RAL,2004,REINORANGE,NA,
RAL 2006 (S1)-LS,RAL,2006,REFLEX ORANGE,NA,
RAL 2008 (S1)-LS,RAL,2008,HELLROTORANGE,NA,
RAL 2009 (S1)-LS,RAL,2009,VERKEHRSORANGE,NA,
RAL 2010 (S1)-LS,RAL,2010,SIGNALORANGE,NA,
RAL 2011 (S1)-LS,RAL,2011,TIEFORANGE,NA,
RAL 2012 (S1)-LS,RAL,2012,LACHSORANGE,NA,
RAL 3000 (S1)-LS,RAL,2013,FEUERROT,NA,
RAL 3001 (S1)-LS,RAL,3001,SIGNALROT,NA,
RAL 3002 (S1)-LS,RAL,3002,KARMINROT,NA,
RAL 3003 (S1)-LS,RAL,3003,RUBINROT,NA,
RAL 3004 (S1)-LS,RAL,3004,PURPURROT,NA,
RAL 3005 (S1)-LS,RAL,3005,WEINROT,NA,
RAL 3007 (S1)-LS,RAL,3007,SCHWARZROT,NA,
RAL 3009 (S1)-LS,RAL,3009,OXIDROT,NA,
RAL 3011 (S1)-LS,RAL,3011,BRAUNROT,NA,
RAL 3012 (S1)-LS,RAL,3012,BEIGEROT,NA,
RAL 3013 (S1)-LS,RAL,3013,TOMATENROT,NA,
RAL 3014 (S1)-LS,RAL,3014,ALTROSA,NA,
RAL 3015 (S1)-LS,RAL,3015,HELLROSA,NA,
RAL 3016 (S1)-LS,RAL,3016,KORALLENROT,NA,
RAL 3017 (S1)-LS,RAL,3017,ROSE,NA,
RAL 3018 (S1)-LS,RAL,3018,ERDBEERROT,NA,
RAL 3020 (S1)-LS,RAL,3020,VERKEHRSROT,NA,
RAL 3022 (S1)-LS,RAL,3022,LACHSROT,NA,
RAL 3027 (S1)-LS,RAL,3027,HIMBEERROT,NA,
RAL 3031 (S1)-LS,RAL,3031,ORIENTROT,NA,
RAL 4001 (S1)-LS,RAL,4001,ROTLILA,NA,
RAL 4002 (S1)-LS,RAL,4002,ROTVIOLETT,NA,
RAL 4003 (S1)-LS,RAL,4003,ERIKAVIOLETT,NA,
RAL 4004 (S1)-LS,RAL,4004,BORDEAUXVIOLETT,NA,
RAL 4005 (S1)-LS,RAL,4005,BLAULILA,NA,
RAL 4006 (S1)-LS,RAL,4006,VERKEHRSPURPUR,NA,
RAL 4007 (S1)-LS,RAL,4007,PURPURVIOLETT,NA,
RAL 4008 (S1)-LS,RAL,4008,SIGNALVIOLETT,NA,
RAL 4009 (S1)-LS,RAL,4009,PASTELLVIOLETT,NA,
RAL 4010 (S1)-LS,RAL,4010,MAGENTA,NA,
RAL 5000 (S1)-LS,RAL,5000,VIOLETTBLAU,NA,
RAL 5001 (S1)-LS,RAL,5001,GRUENBLAU,NA,
RAL 5003 (S1)-LS,RAL,5003,SAPHIRBLAU,NA,
RAL 5004 (S1)-LS,RAL,5004,SCHWARZBLAU,NA,
RAL 5005 (S1)-LS,RAL,5005,SIGNALBLAU,NA,
RAL 5007 (S1)-LS,RAL,5007,BRILLANTBLAU,NA,
RAL 5008 (S1)-LS,RAL,5008,GRAUBLAU,NA,
RAL 5009 (S1)-LS,RAL,5009,AZURBLAU,NA,
RAL 5010 (S1)-LS,RAL,5010,ENZIANBLAU,NA,
RAL 5011 (S1)-LS,RAL,5011,STAHLBLAU,NA,
RAL 5012 (S1)-LS,RAL,5012,LICHTBLAU,NA,
RAL 5013 (S1)-LS,RAL,5013,KOBALTBLAU,NA,
RAL 5014 (S1)-LS,RAL,5014,TAUBENBLAU,NA,
RAL 5015 (S1)-LS,RAL,5015,HIMMELBLAU,NA,
RAL 5017 (S1)-LS,RAL,5017,VERKEHRSBLAU,NA,
RAL 5018 (S1)-LS,RAL,5018,TUERKISBLAU,NA,
RAL 5019 (S1)-LS,RAL,5019,CAPRIBLAU,NA,
RAL 5020 (S1)-LS,RAL,5020,OZEANBLAU,NA,
RAL 5021 (S1)-LS,RAL,5021,WASSERBLAU,NA,
RAL 5022 (S1)-LS,RAL,5022,NACHTBLAU,NA,
RAL 5023 (S1)-LS,RAL,5023,FERNBLAU,NA,
RAL 5024 (S1)-LS,RAL,5024,PASTELLBLAU,NA,
RAL 6000 (S1)-LS,RAL,6000,PATINAGRUEN,NA,
RAL 6001 (S1)-LS,RAL,6001,SMARAGDGRUEN,NA,
RAL 6002 (S1)-LS,RAL,6002,LAUBGRUEN,NA,
RAL 6003 (S1)-LS,RAL,6003,OLIVGRUEN,NA,
RAL 6004 (S1)-LS,RAL,6004,BLAUGRUEN,NA,
RAL 6005 (S1)-LS,RAL,6005,MOOSGRUEN,NA,
RAL 6006 (S1)-LS,RAL,6006,GRAUOLIV,NA,
RAL 6007 (S1)-LS,RAL,6007,FLASCHENGRUEN,NA,
RAL 6008 (S1)-LS,RAL,6008,BRAUNGRUEN,NA,
RAL 6009 (S1)-LS,RAL,6009,TANNENGRUEN,NA,
RAL 6010 (S1)-LS,RAL,6010,GRASGRUEN,NA,
RAL 6011 (S1)-LS,RAL,6011,RESEDAGRUEN,NA,
RAL 6012 (S1)-LS,RAL,6012,SCHWARZGRUEN,NA,
RAL 6013 (S1)-LS,RAL,6013,SCHILFGRUEN,NA,
RAL 6014 (S1)-LS,RAL,6014,GELBOLIV,NA,
RAL 6015 (S1)-LS,RAL,6015,SCHWARZOLIV,NA,
RAL 6016 (S1)-LS,RAL,6016,TUERKISGRUEN,NA,
RAL 6017 (S1)-LS,RAL,6017,MAIGRUEN,NA,
RAL 6018 (S1)-LS,RAL,6018,GELBGRUEN,NA,
RAL 6019 (S1)-LS,RAL,6019,WEISSGRUEN,NA,
RAL 6020 (S1)-LS,RAL,6020,CHROMOXIDGRUEN,NA,
RAL 6021 (S1)-LS,RAL,6021,BLASSGRUEN,NA,
RAL 6022 (S1)-LS,RAL,6022,BRAUNOLIV,NA,
RAL 6024 (S1)-LS,RAL,6024,VERKEHRSGRUEN,NA,
RAL 6025 (S1)-LS,RAL,6025,FARNGRUEN,NA,
RAL 6026 (S1)-LS,RAL,6026,OPALGRUEN,NA,
RAL 6027 (S1)-LS,RAL,6027,LICHTGRUEN,NA,
RAL 6028 (S1)-LS,RAL,6028,KIEFERNGRUEN,NA,
RAL 6029 (S1)-LS,RAL,6029,MINZGRUEN,NA,
RAL 6032 (S1)-LS,RAL,6032,SIGNALGRUEN,NA,
RAL 6033 (S1)-LS,RAL,6033,MINTTUERKIS,NA,
RAL 6034 (S1)-LS,RAL,6034,PASTELLTUERKIS,NA,
RAL 7000 (S1)-LS,RAL,7000,FEHGRAU,NA,
RAL 7001 (S1)-LS,RAL,7001,SILBERGRAU,NA,
RAL 7002 (S1)-LS,RAL,7002,OLIVGRAU,NA,
RAL 7003 (S1)-LS,RAL,7003,MOOSGRAU,NA,
RAL 7004 (S1)-LS,RAL,7004,SIGNALGRAU,NA,
RAL 7005 (S1)-LS,RAL,7005,MAUSGRAU,NA,
RAL 7006 (S1)-LS,RAL,7006,BEIGEGRAU,NA,
RAL 7008 (S1)-LS,RAL,7008,KHAKIGRAU,NA,
RAL 7009 (S1)-LS,RAL,7009,GRUENGRAU,NA,
RAL 7010 (S1)-LS,RAL,7010,ZELTGRAU,NA,
RAL 7011 (S1)-LS,RAL,7011,EISENGRAU,NA,
RAL 7012 (S1)-LS,RAL,7012,BASALTGRAU,NA,
RAL 7013 (S1)-LS,RAL,7013,BRAUNGRAU,NA,
RAL 7015 (S1)-LS,RAL,7015,SCHIEFERGRAU,NA,
RAL 7016 (S1)-LS,RAL,7016,ANTHRAZITGRAU,NA,
RAL 7021 (S1)-LS,RAL,7021,SCHWARZGRAU,NA,
RAL 7022 (S1)-LS,RAL,7022,UMBRAGRAU,NA,
RAL 7023 (S1)-LS,RAL,7023,BETONGRAU,NA,
RAL 7024 (S1)-LS,RAL,7024,GRAPHITGRAU,NA,
RAL 7026 (S1)-LS,RAL,7026,GRANITGRAU,NA,
RAL 7030 (S1)-LS,RAL,7030,STEINGRAU,NA,
RAL 7031 (S1)-LS,RAL,7031,BLAUGRAU,NA,
RAL 7032 (S1)-LS,RAL,7032,KIESELGRAU,NA,
RAL 7033 (S1)-LS,RAL,7033,ZEMENTGRAU,NA,
RAL 7034 (S1)-LS,RAL,7034,GELBGRAU,NA,
RAL 7035 (S1)-LS,RAL,7035,LICHTGRAU,NA,
RAL 7036 (S1)-LS,RAL,7036,PLATINGRAU,NA,
RAL 7037 (S1)-LS,RAL,7037,STAUBGRAU,NA,
RAL 7038 (S1)-LS,RAL,7038,ACHATGRAU,NA,
RAL 7039 (S1)-LS,RAL,7039,QUARZGRAU,NA,
RAL 7042 (S1)-LS,RAL,7042,VERKEHRSGRAU A,NA,
RAL 7043 (S1)-LS,RAL,7043,VERKEHRSGRAU B,NA,
RAL 7044 (S1)-LS,RAL,7044,SEIDENGRAU,NA,
RAL 7045 (S1)-LS,RAL,7045,TELEGRAU 1,NA,
RAL 7046 (S1)-LS,RAL,7046,TELEGRAU 2,NA,
RAL 7047 (S1)-LS,RAL,7047,TELEGRAU 4,NA,
RAL 8000 (S1)-LS,RAL,8000,GRUENBRAUN,NA,
RAL 8001 (S1)-LS,RAL,8001,OCKERBRAUN,NA,
RAL 8002 (S1)-LS,RAL,8002,SIGNALBRAUN,NA,
RAL 8003 (S1)-LS,RAL,8003,LEHMBRAUN,NA,
RAL 8004 (S1)-LS,RAL,8004,KUPFERBRAUN,NA,
RAL 8007 (S1)-LS,RAL,8007,REHBRAUN,NA,
RAL 8008 (S1)-LS,RAL,8008,OLIVBRAUN,NA,
RAL 8011 (S1)-LS,RAL,8011,NUSSBRAUN,NA,
RAL 8012 (S1)-LS,RAL,8012,ROTBRAUN,NA,
RAL 8014 (S1)-LS,RAL,8014,SEPIABRAUN,NA,
RAL 8015 (S1)-LS,RAL,8015,KASTANIENBRAUN,NA,
RAL 8016 (S1)-LS,RAL,8016,MAHAGONIBRAUN,NA,
RAL 8017 (S1)-LS,RAL,8017,SCHOKOLADENBRAUN,NA,
RAL 8019 (S1)-LS,RAL,8019,GRAUBRAUN,NA,
RAL 8022 (S1)-LS,RAL,8022,SCHWARZBRAUN,NA,
RAL 8023 (S1)-LS,RAL,8023,ORANGEBRAUN,NA,
RAL 8024 (S1)-LS,RAL,8024,BEIGEBRAUN,NA,
RAL 8025 (S1)-LS,RAL,8025,BLASSBRAUN,NA,
RAL 8028 (S1)-LS,RAL,8028,TERRABRAUN,NA,
RAL 9001 (S1)-LS,RAL,9001,CREMEWEISS,NA,
RAL 9002 (S1)-LS,RAL,9002,GRAUWEISS,NA,
RAL 9003 (S1)-LS,RAL,9003,SIGNALWEISS,NA,
RAL 9004 (S1)-LS,RAL,9004,SIGNALSCHWARZ,NA,
RAL 9005 (S1)-LS,RAL,9005,TIEFSCHWARZ,NA,
RAL 9010 (S1)-LS,RAL,9010,REINWEISS,NA,
RAL 9011 (S1)-LS,RAL,9011,GRAPHITSCHWARZ,NA,
RAL 9017 (S1)-LS,RAL,9017,VERKEHRSSCHWARZ,NA,
RAL 9018 (S1)-LS,RAL,9018,PAPYRUSWEISS,NA,
RAL 1028 (S1)-LS,RAL,1028,MELONENGELB,NA,
RENAULT 389 (S1)-LS,RENAULT,389,BLANC GLACIER,NA,
DAEWOO 10L (S4)-LS,DAEWOO,10L,CASABLANCA WHITE,NA,
PEUGEOT ELA (S1)-LS,PEUGEOT,ELA,BLEU D'ARABIE,NA,
PEUGEOT ELA (S2)-LS,PEUGEOT,ELA,BLEU D'ARABIE,NA,
PEUGEOT EJC (S1)-LS,PEUGEOT,EJC,BORDEAUX NICOLAS,NA,
PEUGEOT KQD (S1)-LS,PEUGEOT,KQD,VERT ALEP,NA,
PEUGEOT EHD (S1)-LS,PEUGEOT,EHD,ORANGE TENERE,NA,
PEUGEOT EHE (S1)-LS,PEUGEOT,EHE,ORANGE EUROPCAR,NA,
PEUGEOT EHK (S1)-LS,PEUGEOT,EHK,ORANGE TAXI,NA,
PEUGEOT EGG (S1)-LS,PEUGEOT,EGG,BLEU COPERNIC,NA,
PEUGEOT EJK (S1)-LS,PEUGEOT,EJK,ROUGE AVIS,NA,
PEUGEOT EJX (S4)-LS,PEUGEOT,EJX,ROUGE FURIO,NA,
PEUGEOT EWB (S1)-LS,PEUGEOT,EWB,BLANC CORFOU,NA,
PEUGEOT ENM (S1)-LS,PEUGEOT,ENM,ROSSO SPEED,NA,
PEUGEOT KLD (S1)-LS,PEUGEOT,KLD,BLEU DAVIS,NA,
PEUGEOT EGJ (S1)-LS,PEUGEOT,EGJ,BLEU SANTORIN,NA,
PEUGEOT KNP (S1)-LS,PEUGEOT,KNP,BLEU IMPERIAL,NA,
PEUGEOT EJC (S3)-LS,PEUGEOT,EJC,BORDEAUX NICOLAS,NA,
PEUGEOT KDF (S1)-LS,PEUGEOT,KDF,IVOIRE PAGANINI,NA,
PEUGEOT ENY (S1)-LS,PEUGEOT,ENY,BLEU NAVIRE,NA,
PEUGEOT EQB (S1)-LS,PEUGEOT,EQB,VERT LA REDOUTE,NA,
PEUGEOT ERB (S1)-LS,PEUGEOT,ERB,VERT EAUX ET FORETS,NA,
PEUGEOT EWB (S4)-LS,PEUGEOT,EWB,BLANC CORFOU,NA,
PEUGEOT EWT (S1)-LS,PEUGEOT,EWT,BLANC MEIJE,NA,
PEUGEOT EJZ (S2)-LS,PEUGEOT,EJZ,ROUGE ANDALOU,NA,
PEUGEOT EJX (S1)-LS,PEUGEOT,EJX,ROUGE FURIO,NA,
PEUGEOT EWD (S1)-LS,PEUGEOT,EWD,BLANC VOILE,NA,
PEUGEOT EJZ (S1)-LS,PEUGEOT,EJZ,ROUGE ANDALOU,NA,
MAZDA UC (S1)-LS,MAZDA,UC,CRYSTAL WHITE,NA,
HYUNDAI NW (S3)-LS,HYUNDAI,NW,NOBLE WHITE,NA,
AUDI LB9A (S3)-LS,AUDI,LB9A,CANDYWEISS,NA,
AUDI LB9A (S4)-LS,AUDI,LB9A,CANDYWEISS,NA,
HYUNDAI 3M (S3)-LS,HYUNDAI,3M,VANILLA WHITE,NA,
HYUNDAI NW (S4)-LS,HYUNDAI,NW,NOBLE WHITE,NA,
AUDI L90E (S1)-LS,AUDI,L90E,ALPINWEISS,NA,
AUDI LU1A (S1)-LS,AUDI,LU1A,AMARELO SANGHAI,NA,
AUDI LN1D (S1)-LS,AUDI,LN1D,BAMBUSGELB,NA,
AUDI LY9F (S1)-LS,AUDI,LY9F,BRILLANTWEISS,NA,
AUDI L90B (S1)-LS,AUDI,L90B,ALPINWEISS,NA,
AUDI LH8B (S1)-LS,AUDI,LH8B,ASSUANBRAUN,NA,
AUDI LL1D (S1)-LS,AUDI,LL1D,AMAG BEIGE,NA,
AUDI LY9D (S1)-LS,AUDI,LY9D,ARKTISWEISS,NA,
AUDI LP5G (S1)-LS,AUDI,LP5G,AEG BLAU,NA,
AUDI LF5D (S1)-LS,AUDI,LF5D,ARCTICBLAU,NA,
AUDI LY5D (S1)-LS,AUDI,LY5D,AZURITBLAU,NA,
AUDI LD2A (S1)-LS,AUDI,LD2A,APRICOT,NA,
AUDI LG5A (S1)-LS,AUDI,LG5A,CAMEO BLUE,NA,
AUDI LL1H (S1)-LS,AUDI,LL1H,CHAMPAGNERGELB,NA,
AUDI LN1K (S1)-LS,AUDI,LN1K,CHROMGELB,NA,
AUDI LL1G (S1)-LS,AUDI,LL1G,CAYENNEGELB,NA,
AUDI LI9A (S1)-LS,AUDI,LI9A,BRANCO GEADA,NA,
AUDI LF9S (S1)-LS,AUDI,LF9S,BRILLANTSCHWARZ,NA,
AUDI LE9C (S1)-LS,AUDI,LE9C,CASHMERE WHITE,NA,
AUDI LY1B (S1)-LS,AUDI,LY1B,BRILLANTGELB,NA,
AUDI LY2D (S1)-LS,AUDI,LY2D,DOTTERGELB,NA,
AUDI LN1P (S1)-LS,AUDI,LN1P,DAENISCH POSTGELB,NA,
AUDI LP1L (S1)-LS,AUDI,LP1L,GELB,NA,
AUDI LE7A (S1)-LS,AUDI,LE7A,CINZA MARINE,NA,
AUDI LY3J (S1)-LS,AUDI,LY3J,BRILLANTROT,NA,
AUDI LW3B (S1)-LS,AUDI,LW3B,CORAL RED,NA,
AUDI LP3K (S1)-LS,AUDI,LP3K,COLAROT,NA,
AUDI LW3A (S1)-LS,AUDI,LW3A,CONZEPTROT,NA,
AUDI LP3B (S1)-LS,AUDI,LP3B,COLA ROT,NA,
AUDI LY9E (S1)-LS,AUDI,LY9E,CLASSICWEISS,NA,
AUDI LP6K (S1)-LS,AUDI,LP6K,CLIFFGRUEN,NA,
AUDI LY1M (S1)-LS,AUDI,LY1M,BAHIABEIGE,NA,
AUDI LB3A (S1)-LS,AUDI,LB3A,BORDEAUXROT,NA,
AUDI LH1B (S1)-LS,AUDI,LH1B,BAMBUSGELB,NA,
AUDI LF6B (S1)-LS,AUDI,LF6B,ATLANTIKGRUEN,NA,
AUDI LD5D (S1)-LS,AUDI,LD5D,CHAGALLBLAU,NA,
AUDI LD5C (S1)-LS,AUDI,LD5C,CORNFLOWER BLUE,NA,
AUDI LH5H (S1)-LS,AUDI,LH5H,CORNATBLAU,NA,
AUDI LK5E (S1)-LS,AUDI,LK5E,CAPRIBLAU,NA,
AUDI L1T1 (S1)-LS,AUDI,L1T1,GELB,NA,
AUDI LN1N (S1)-LS,AUDI,LN1N,CURRYGELB,NA,
AUDI LA6C (S1)-LS,AUDI,LA6C,EVER GREEN,NA,
AUDI LR132 (S1)-LS,AUDI,LR132,GINSTERGELB,NA,
AUDI LD1D (S1)-LS,AUDI,LD1D,DOUBLE YELLOW,NA,
AUDI LA5H (S1)-LS,AUDI,LA5H,DEEP OCEAN BLUE,NA,
AUDI LL5T (S1)-LS,AUDI,LL5T,DUNKELBLAU,NA,
AUDI LP5L (S1)-LS,AUDI,LP5L,DARK PETROL,NA,
AUDI LY3N (S1)-LS,AUDI,LY3N,DYNAMITROT,NA,
AUDI LB6C (S1)-LS,AUDI,LB6C,ENGLISCHGRUEN,NA,
AUDI L32 (S1)-LS,AUDI,L32,DUNKELBLAU,NA,
AUDI LY4C (S1)-LS,AUDI,LY4C,BRILLANTVIOLETT,NA,
AUDI LR300 (S1)-LS,AUDI,LR300,FEUERROT,NA,
AUDI LP3G (S1)-LS,AUDI,LP3G,FLASHROT,NA,
AUDI LN1E (S1)-LS,AUDI,LN1E,DUNKELGELB,NA,
AUDI LJ1A (S1)-LS,AUDI,LJ1A,GELB 95,NA,
AUDI LB6D (S1)-LS,AUDI,LB6D,DUNKELGRUEN,NA,
AUDI LF3K (S1)-LS,AUDI,LF3K,CORRIDA ROT,NA,
AUDI LL7E (S1)-LS,AUDI,LL7E,FLANELLGRAU,NA,
AUDI LF6F (S1)-LS,AUDI,LF6F,FRIESENGRUEN,NA,
AUDI LW1M (S1)-LS,AUDI,LW1M,GLAM BEIGE,NA,
AUDI L336 (S1)-LS,AUDI,L336,DEEP BLUE,NA,
AUDI LN1H (S1)-LS,AUDI,LN1H,GELB,NA,
AUDI LA3B (S1)-LS,AUDI,LA3B,GAMBIAROT,NA,
AUDI LL6T (S1)-LS,AUDI,LL6T,FRIESENGRUEN,NA,
AUDI LT6A (S1)-LS,AUDI,LT6A,ESCORIALGRUEN,NA,
AUDI LH6R (S1)-LS,AUDI,LH6R,HIPPIEGRUEN 99,NA,
AUDI LT5B (S1)-LS,AUDI,LT5B,KLM BLAU,NA,
AUDI L1T6 (S1)-LS,AUDI,L1T6,GRUEN,NA,
AUDI LH6T (S1)-LS,AUDI,LH6T,GRUEN,NA,
AUDI LO7Q (S1)-LS,AUDI,LO7Q,HELLELFENBEIN,NA,
AUDI LL6C (S1)-LS,AUDI,LL6C,HEATHGRUEN,NA,
AUDI L75 (S1)-LS,AUDI,L75,HELLBEIGE,NA,
AUDI LH7T (S1)-LS,AUDI,LH7T,GELBGRAU,NA,
AUDI LY9C (S1)-LS,AUDI,LY9C,IBISWEISS,NA,
AUDI LD8A (S1)-LS,AUDI,LD8A,HAVANNABRAUN,NA,
AUDI LB6F (S1)-LS,AUDI,LB6F,DARKCOURTGREEN,NA,
AUDI LT5D (S1)-LS,AUDI,LT5D,HERMESBLAU,NA,
AUDI LP5F (S1)-LS,AUDI,LP5F,DENIM BLUE,NA,
AUDI L68Q (S1)-LS,AUDI,L68Q,DUNKELGRUEN,NA,
AUDI LR6A (S1)-LS,AUDI,LR6A,FANTASIA GRUEN,NA,
AUDI L567 (S1)-LS,AUDI,L567,ELFENBEIN,NA,
AUDI LY1A (S1)-LS,AUDI,LY1A,GINSTER,NA,
AUDI LL6N (S1)-LS,AUDI,LL6N,JAVAGRUEN,NA,
AUDI L2T1 (S1)-LS,AUDI,L2T1,HELLBRAUN,NA,
AUDI LN6H (S1)-LS,AUDI,LN6H,GRUEN,NA,
AUDI LF3G (S1)-LS,AUDI,LF3G,HIMBEERROT,NA,
AUDI LJ5C (S1)-LS,AUDI,LJ5C,GRUENBLAU,NA,
AUDI LF5J (S1)-LS,AUDI,LF5J,HELLBLAU SKY,NA,
AUDI LJ6A (S1)-LS,AUDI,LJ6A,HOLLANDGRUEN,NA,
AUDI LY6H (S1)-LS,AUDI,LY6H,LICHTGRUEN,NA,
AUDI LM1A (S1)-LS,AUDI,LM1A,LEMONGELB,NA,
AUDI LE5B (S1)-LS,AUDI,LE5B,LAGO BLUE,NA,
AUDI LP2C (S1)-LS,AUDI,LP2C,LEUCHTORANGE,NA,
AUDI LA3G (S1)-LS,AUDI,LA3G,KLASSIKROT,NA,
AUDI L345 (S1)-LS,AUDI,L345,LICHTGRAU,NA,
AUDI L20B (S1)-LS,AUDI,L20B,LEUCHTORANGE,NA,
AUDI LL5M (S1)-LS,AUDI,LL5M,INDIENBLAU,NA,
AUDI LF5M (S1)-LS,AUDI,LF5M,LASER BLAU,NA,
AUDI LN1M (S1)-LS,AUDI,LN1M,LEMONGELB,NA,
AUDI LP6M (S1)-LS,AUDI,LP6M,KARIBIKGRUEN,NA,
AUDI LH3T (S1)-LS,AUDI,LH3T,KIRSCHROT,NA,
AUDI LL1E (S1)-LS,AUDI,LL1E,HOLLANDGELB,NA,
AUDI LM3A (S1)-LS,AUDI,LM3A,INDISCHROT,NA,
AUDI LS1L (S1)-LS,AUDI,LS1L,MARFIL YELLOW,NA,
AUDI LY1E (S1)-LS,AUDI,LY1E,MANGOGELB,NA,
AUDI LP5K (S1)-LS,AUDI,LP5K,LIMOGEBLAU,NA,
AUDI LA5E (S1)-LS,AUDI,LA5E,MARITIMBLAU,NA,
AUDI LY3H (S1)-LS,AUDI,LY3H,LASERROT,NA,
AUDI LK3D (S1)-LS,AUDI,LK3D,LOBSTERROT,NA,
AUDI LW2A (S1)-LS,AUDI,LW2A,MALIORANGE,NA,
AUDI LF5C (S1)-LS,AUDI,LF5C,KOENIGSBLAU,NA,
AUDI LG1N (S1)-LS,AUDI,LG1N,LEMONGELB,NA,
AUDI LY2C (S1)-LS,AUDI,LY2C,MANDARIN,NA,
AUDI LD3A (S1)-LS,AUDI,LD3A,MARRONROT,NA,
AUDI LA5B (S1)-LS,AUDI,LA5B,MARINEBLAU,NA,
AUDI LY1F (S1)-LS,AUDI,LY1F,MANIOKGELB,NA,
AUDI LL1L (S1)-LS,AUDI,LL1L,MANILABEIGE,NA,
AUDI LN6C (S1)-LS,AUDI,LN6C,LEMONGRUEN,NA,
AUDI LH3D (S1)-LS,AUDI,LH3D,MARSALAROT,NA,
AUDI LP3H (S1)-LS,AUDI,LP3H,MARSROT,NA,
AUDI LE5T (S1)-LS,AUDI,LE5T,MIDNIGHT BLUE,NA,
AUDI LP7C (S1)-LS,AUDI,LP7C,MOLE GREY,NA,
AUDI L30H (S1)-LS,AUDI,L30H,MONTANAROT,NA,
AUDI LA3A (S1)-LS,AUDI,LA3A,MARSROT,NA,
AUDI LA8A (S1)-LS,AUDI,LA8A,MERIANBRAUN,NA,
AUDI LE6D (S1)-LS,AUDI,LE6D,MOUNTAIN GREEN,NA,
AUDI Q0 (S1)-LS,AUDI,Q0,MOCHA LATTE,NA,
AUDI L37 (S1)-LS,AUDI,L37,MITTELBLAU,NA,
AUDI LP6E (S1)-LS,AUDI,LP6E,RIEDGRUEN,NA,
AUDI LJ1B (S1)-LS,AUDI,LJ1B,RAPSGELB,NA,
AUDI L90D (S1)-LS,AUDI,L90D,PASTELLWEISS,NA,
AUDI LA9A (S1)-LS,AUDI,LA9A,SCHNEEWEISS,NA,
AUDI LT1B (S1)-LS,AUDI,LT1B,SIERRAGELB,NA,
AUDI LG3E (S1)-LS,AUDI,LG3E,ROT,NA,
AUDI LG3L (S1)-LS,AUDI,LG3L,ROT,NA,
AUDI LN1G (S1)-LS,AUDI,LN1G,SARIGELB,NA,
AUDI LK1B (S1)-LS,AUDI,LK1B,NUGGETGELB,NA,
AUDI LF1H (S1)-LS,AUDI,LF1H,PASTELLGELB,NA,
AUDI LK3A (S1)-LS,AUDI,LK3A,PAPRIKAROT,NA,
AUDI L2T3 (S1)-LS,AUDI,L2T3,ROT,NA,
AUDI LF3D (S1)-LS,AUDI,LF3D,ROMANTICROT,NA,
AUDI LA3H (S1)-LS,AUDI,LA3H,SALSA RED,NA,
AUDI LP3A (S1)-LS,AUDI,LP3A,ROT,NA,
AUDI LF3J (S1)-LS,AUDI,LF3J,PAPRIKAROT,NA,
AUDI LF3E (S1)-LS,AUDI,LF3E,RALLYROT,NA,
AUDI LY2H (S1)-LS,AUDI,LY2H,PULSORANGE,NA,
AUDI LD6D (S1)-LS,AUDI,LD6D,PISTAZIENGRUEN,NA,
AUDI LL7D (S1)-LS,AUDI,LL7D,POLARGRAU,NA,
AUDI LR5C (S1)-LS,AUDI,LR5C,POOL BLAU,NA,
AUDI LY9H (S1)-LS,AUDI,LY9H,POLARWEISS,NA,
AUDI LH6J (S1)-LS,AUDI,LH6J,ONTARIOGRUEN,NA,
AUDI LP2B (S1)-LS,AUDI,LP2B,ORANGE,NA,
AUDI LA1N (S1)-LS,AUDI,LA1N,NEVADABEIGE,NA,
AUDI LP2A (S1)-LS,AUDI,LP2A,ORANGE,NA,
AUDI LY1N (S1)-LS,AUDI,LY1N,SANTOSBEIGE,NA,
AUDI LL3A (S1)-LS,AUDI,LL3A,ROT,NA,
AUDI LH3C (S1)-LS,AUDI,LH3C,ORIENTROT,NA,
AUDI LF5G (S1)-LS,AUDI,LF5G,NAUTICBLAU,NA,
AUDI LH5G (S1)-LS,AUDI,LH5G,MEDIUMBLAU,NA,
AUDI LH8V (S1)-LS,AUDI,LH8V,MOCCABRAUN,NA,
AUDI LA5D (S1)-LS,AUDI,LA5D,MONACOBLAU,NA,
AUDI LY7C (S1)-LS,AUDI,LY7C,NARDOGRAU,NA,
AUDI L90R (S1)-LS,AUDI,L90R,PAPYRUSWEISS,NA,
AUDI L31 (S1)-LS,AUDI,L31,PIGEON BLUE,NA,
AUDI LX7B (S1)-LS,AUDI,LX7B,QUANTUMGRAU,NA,
AUDI LH5V (S1)-LS,AUDI,LH5V,SCHIEFERBLAU,NA,
AUDI LR5B (S1)-LS,AUDI,LR5B,MONDSCHEINBLAU,NA,
AUDI LL1C (S1)-LS,AUDI,LL1C,SPANISCHGELB,NA,
AUDI LB6G (S1)-LS,AUDI,LB6G,RACINGGRUEN,NA,
AUDI LY5L (S1)-LS,AUDI,LY5L,SAMTBLAU,NA,
AUDI L4T9 (S1)-LS,AUDI,L4T9,SCHWARZ,NA,
AUDI LL6P (S1)-LS,AUDI,LL6P,SPANISCHGRUEN,NA,
AUDI LB6A (S1)-LS,AUDI,LB6A,SUNDAGRUEN,NA,
AUDI L555 (S1)-LS,AUDI,L555,TIZIANROT,NA,
AUDI LY3K (S1)-LS,AUDI,LY3K,PIEMONTROT,NA,
AUDI LA5G (S1)-LS,AUDI,LA5G,PERLBLAU,NA,
AUDI LF6C (S1)-LS,AUDI,LF6C,PETROL,NA,
AUDI LD2B (S1)-LS,AUDI,LD2B,SNAP ORANGE,NA,
AUDI LW2B (S1)-LS,AUDI,LW2B,ORANGE ARTE,NA,
AUDI LH8M (S1)-LS,AUDI,LH8M,PASTELLBRAUN,NA,
AUDI L035 (S1)-LS,AUDI,L035,ROSSO,NA,
AUDI LP1G (S1)-LS,AUDI,LP1G,SCHWEDISCH POSTGELB,NA,
AUDI LD6F (S1)-LS,AUDI,LD6F,SEAGLASS GREEN,NA,
AUDI LA5F (S1)-LS,AUDI,LA5F,SUMMER BLUE,NA,
AUDI LL6Q (S1)-LS,AUDI,LL6Q,SEEGRUEN,NA,
AUDI LL1Q (S1)-LS,AUDI,LL1Q,SPECTRALGELB,NA,
AUDI LB1B (S1)-LS,AUDI,LB1B,SUNFLOWER,NA,
AUDI LB1A (S1)-LS,AUDI,LB1A,SHELLGELB,NA,
AUDI LF9G (S1)-LS,AUDI,LF9G,STAR WHITE,NA,
AUDI LD6A (S1)-LS,AUDI,LD6A,TIEFSEEGRUEN,NA,
AUDI LL6G (S1)-LS,AUDI,LL6G,TUERKIS,NA,
AUDI LL5K (S1)-LS,AUDI,LL5K,STAHLBLAU,NA,
AUDI LP6L (S1)-LS,AUDI,LP6L,SUMATRAGRUEN,NA,
AUDI LE3A (S1)-LS,AUDI,LE3A,TABASCO RED,NA,
AUDI LM3C (S1)-LS,AUDI,LM3C,TEMPERAMENTROT,NA,
AUDI LY3D (S1)-LS,AUDI,LY3D,TORNADOROT,NA,
AUDI LB2A (S1)-LS,AUDI,LB2A,SUNDOWN ORANGE,NA,
AUDI LH3S (S1)-LS,AUDI,LH3S,SPANISCHROT,NA,
AUDI LU9A (S1)-LS,AUDI,LU9A,STARWEISS,NA,
AUDI LA5C (S1)-LS,AUDI,LA5C,SURFBLAU,NA,
AUDI LN6K (S1)-LS,AUDI,LN6K,TAIGAGRUEN,NA,
AUDI LF1A (S1)-LS,AUDI,LF1A,TELECOMGELB,NA,
AUDI LS1H (S1)-LS,AUDI,LS1H,SONNENGELB,NA,
AUDI LR5A (S1)-LS,AUDI,LR5A,SOFT BLUE,NA,
AUDI LH9G (S1)-LS,AUDI,LH9G,SIGNALWEISS,NA,
AUDI LL5L (S1)-LS,AUDI,LL5L,PANTONEBLAU,NA,
AUDI LY5G (S1)-LS,AUDI,LY5G,NIMBUSGRAU,NA,
AUDI LU3A (S1)-LS,AUDI,LU3A,VERMELHO DAYTONA,NA,
AUDI LV7E (S1)-LS,AUDI,LV7E,TAUPE,NA,
AUDI LH8T (S1)-LS,AUDI,LH8T,TIMORBEIGE,NA,
AUDI LN1C (S1)-LS,AUDI,LN1C,VERKEHRSGELB,NA,
AUDI L1T9 (S1)-LS,AUDI,L1T9,WEISS,NA,
AUDI L2T9 (S1)-LS,AUDI,L2T9,WEISS,NA,
AUDI LT1M (S1)-LS,AUDI,LT1M,TOSCANABEIGE,NA,
AUDI LL4A (S1)-LS,AUDI,LL4A,VIOLETTGRAU,NA,
AUDI LI7F (S1)-LS,AUDI,LI7F,URANOGREY,NA,
AUDI LF5L (S1)-LS,AUDI,LF5L,VIRTUAL BLAU,NA,
AUDI LV5C (S1)-LS,AUDI,LV5C,TURBOBLAU,NA,
AUDI L1T3 (S1)-LS,AUDI,L1T3,WEINROT,NA,
AUDI LE3D (S1)-LS,AUDI,LE3D,VERMELHO PETROPOLIS,NA,
AUDI LY6G (S1)-LS,AUDI,LY6G,VANILLEGELB,NA,
AUDI LD1B (S1)-LS,AUDI,LD1B,YELLOW,NA,
AUDI L3T9 (S1)-LS,AUDI,L3T9,WEISS,NA,
AUDI LY4B (S1)-LS,AUDI,LY4B,VIOLETT DSV,NA,
AUDI LH9C (S1)-LS,AUDI,LH9C,WEISS,NA,
BMW U94 (S1)-LS,BMW,U94,FEUERORANGE II,NA,
BMW 267 (S1)-LS,BMW,267,DAKARGELB,NA,
BMW 156 (S1)-LS,BMW,156,ELFENBEIN,NA,
BMW 179 (S1)-LS,BMW,179,AKAZIENGRUEN,NA,
BMW B87 (S1)-LS,BMW,B87,ARRAVANIGRAU,NA,
BMW 308 (S1)-LS,BMW,308,BRILLANTROT,NA,
BMW 550 (S1)-LS,BMW,550,EISBLAU,NA,
BMW 561 (S1)-LS,BMW,561,ACIDGRUEN,NA,
BMW 023 (S1)-LS,BMW,023,GRANADA,NA,
AUDI LB7A (S1)-LS,BMW,LB7A,WOLKENGRAU,NA,
BMW 351 (S1)-LS,BMW,351,KYALAMIORANGE,NA,
BMW 053 (S1)-LS,BMW,053,BORDEAUXROT,NA,
BMW 258 (S1)-LS,BMW,258,FLASHGRUEN,NA,
BMW B88 (S1)-LS,BMW,B88,CAPPARIS UNI,NA,
BMW N74 (S1)-LS,BMW,N74,ALPINWEISS 3,NA,
BMW 084 (S1)-LS,BMW,084,FEDERWEISS,NA,
BMW 298 (S1)-LS,BMW,298,AURAWEISS,NA,
BMW 207 (S1)-LS,BMW,207,ATLANTISBLAU,NA,
BMW 348 (S1)-LS,BMW,348,AUBERGINE,NA,
BMW 375 (S1)-LS,BMW,375,FEUERROT II,NA,
BMW 394 (S1)-LS,BMW,394,ORLANDO ORANGE,NA,
BMW 353 (S1)-LS,BMW,353,RENNSPORT ROT,NA,
BMW 315 (S1)-LS,BMW,315,TIZIANROT,NA,
BMW 366 (S1)-LS,BMW,366,IMOLAROT,NA,
BMW 291 (S1)-LS,BMW,291,FLAMMROT,NA,
BMW 257 (S1)-LS,BMW,257,TOPROT,NA,
BMW 052 (S1)-LS,BMW,052,HENNAROT,NA,
BMW 321 (S1)-LS,BMW,321,KOBALTBLAU,NA,
BMW 311 (S1)-LS,BMW,311,LIMONENGRUEN,NA,
BMW 384 (S1)-LS,BMW,384,KALAHARIGELB,NA,
BMW 147 (S1)-LS,BMW,147,SAFARIBEIGE,NA,
BMW 138 (S1)-LS,BMW,138,ZINNOBERROT,NA,
BMW 318 (S1)-LS,BMW,318,SANTORINBLAU 1,NA,
BMW 307 (S1)-LS,BMW,307,DUNKELGRUEN 2,NA,
BMW 264 (S1)-LS,BMW,264,FUNGELB,NA,
BMW P5C (S1)-LS,BMW,P5C,RIVIERABLAU,NA,
BMW 187 (S1)-LS,BMW,187,SAVANNABEIGE,NA,
BMW 389 (S1)-LS,BMW,389,HELLELFENBEIN 2,NA,
BMW 007 (S1)-LS,BMW,007,HELLELFENBEIN,NA,
BMW 081 (S1)-LS,BMW,081,POLIZEIWEISS,NA,
BMW 128 (S1)-LS,BMW,128,GAZELLENBEIGE,NA,
BMW 172 (S1)-LS,BMW,172,KARMINROT,NA,
BMW 328 (S1)-LS,BMW,328,VIOLETTROT 2,NA,
BMW 326 (S1)-LS,BMW,326,TUERKISGRUEN,NA,
BMW 329 (S1)-LS,BMW,329,VULKANGRAU,NA,
BMW 224 (S1)-LS,BMW,224,WEINROT,NA,
BMW 316 (S1)-LS,BMW,316,VIOLETTROT,NA,
BMW 304 (S1)-LS,BMW,304,VIOLETTSCHWARZ 2,NA,
CHRYSLER GW6 (S1)-LS,CHRYSLER,GW6,BRIGHT WHITE,NA,
CHRYSLER PR5 (S1)-LS,CHRYSLER,PR5,CALIFORNIA RED,NA,
CHRYSLER LE1 (S1)-LS,CHRYSLER,LE1,COLORADO RED,NA,
CHRYSLER BM5 (S1)-LS,CHRYSLER,BM5,CRIMSON RED,NA,
CHRYSLER NWV (S1)-LS,CHRYSLER,NWV,ALPINE WHITE,NA,
CHRYSLER HE4 (S1)-LS,CHRYSLER,HE4,COLORADO RED,NA,
CHRYSLER MJE (S1)-LS,CHRYSLER,MJE,DANDELION YELLOW,NA,
CHRYSLER KFM (S1)-LS,CHRYSLER,KFM,GECKO,NA,
CHRYSLER RQB (S1)-LS,CHRYSLER,RQB,CHIEF,NA,
CHRYSLER DT2 (S1)-LS,CHRYSLER,DT2,CREAM,NA,
CHRYSLER MSQ (S1)-LS,CHRYSLER,MSQ,ANCHOR GREY,NA,
CHRYSLER JB4 (S1)-LS,CHRYSLER,JB4,COSMOS BLUE,NA,
CHRYSLER HC3 (S1)-LS,CHRYSLER,HC3,IRIS BLUE,NA,
CHRYSLER PC4 (S1)-LS,CHRYSLER,PC4,LAPIS BLUE,NA,
CHRYSLER TR4 (S1)-LS,CHRYSLER,TR4,IMPACT RED,NA,
CHRYSLER PRB (S1)-LS,CHRYSLER,PRB,INDY RED,NA,
CHRYSLER V3 (S1)-LS,CHRYSLER,V3,FLAME ORANGE,NA,
CHRYSLER MS9 (S1)-LS,CHRYSLER,MS9,DARK ARCTIC GREY,NA,
CHRYSLER MAG (S1)-LS,CHRYSLER,MAG,DARK CERAMIC GREY,NA,
CHRYSLER VY5 (S1)-LS,CHRYSLER,VY5,GRAPHIC YELLOW,NA,
CHRYSLER 536 (S1)-LS,CHRYSLER,536,FRENCH GREY,NA,
CHRYSLER 212 (S1)-LS,CHRYSLER,212,BIMINI BLUE,NA,
CHRYSLER 353 (S1)-LS,CHRYSLER,353,CRIMSON,NA,
CHRYSLER P61 (S1)-LS,CHRYSLER,P61,AGRICULTURE RED,NA,
CHRYSLER PJD (S1)-LS,CHRYSLER,PJD,ACID YELLOW,NA,
CHRYSLER R91 (S1)-LS,CHRYSLER,R91,CORTON RED,NA,
CHRYSLER BL5 (S1)-LS,CHRYSLER,BL5,BEIGE,NA,
CHRYSLER PR3 (S1)-LS,CHRYSLER,PR3,FLASH RED,NA,
CHRYSLER PW5 (S1)-LS,CHRYSLER,PW5,BRIGHT WHITE,NA,
CHRYSLER KW3 (S1)-LS,CHRYSLER,KW3,BIANCO,NA,
CHRYSLER PW7 (S1)-LS,CHRYSLER,PW7,BRIGHT WHITE,NA,
CHRYSLER PUA (S1)-LS,CHRYSLER,PUA,GOBI,NA,
CHRYSLER PAB (S1)-LS,CHRYSLER,PAB,ASCOT GREY,NA,
CHRYSLER PDN (S1)-LS,CHRYSLER,PDN,CERAMIC GREY,NA,
CHRYSLER EY2 (S1)-LS,CHRYSLER,EY2,LIGHT IVORY CREAM,NA,
CHRYSLER HJ2 (S1)-LS,CHRYSLER,HJ2,MALIBU YELLOW,NA,
CHRYSLER PH1 (S1)-LS,CHRYSLER,PH1,MAGENTA,NA,
CHRYSLER RRR (S1)-LS,CHRYSLER,RRR,MANDARIN RUST,NA,
CHRYSLER PPK (S1)-LS,CHRYSLER,PPK,LIGHT SPRUCE,NA,
CHRYSLER PJK (S1)-LS,CHRYSLER,PJK,HYPER GREEN,NA,
CHRYSLER Y1 (S1)-LS,CHRYSLER,Y1,LEMON TWIST,NA,
CHRYSLER JT2 (S1)-LS,CHRYSLER,JT2,LIGHT TUNDRA,NA,
CHRYSLER ST1 (S1)-LS,CHRYSLER,ST1,LIGHT CASHMERE,NA,
CHRYSLER MQG (S1)-LS,CHRYSLER,MQG,LIGHT TURQUOISE,NA,
CHRYSLER RG2 (S1)-LS,CHRYSLER,RG2,LIGHT GREEN,NA,
CHRYSLER MSC (S1)-LS,CHRYSLER,MSC,LIGHT ARCTIC GREY,NA,
CHRYSLER ET1 (S1)-LS,CHRYSLER,ET1,LIGHT IVORY CREAM,NA,
CHRYSLER P05 (S1)-LS,CHRYSLER,P05,HYACINTH BLUE,NA,
CHRYSLER RG4 (S1)-LS,CHRYSLER,RG4,DARK GREEN,NA,
CHRYSLER T5 (S1)-LS,CHRYSLER,T5,LIGHT CARAMEL TAN,NA,
CHRYSLER PGU (S1)-LS,CHRYSLER,PGU,JUNGLE GREEN,NA,
CHRYSLER 200 (S1)-LS,CHRYSLER,200,NEWPORT BLUE,NA,
CHRYSLER PY3 (S1)-LS,CHRYSLER,PY3,PROWLER YELLOW,NA,
CHRYSLER PCP (S1)-LS,CHRYSLER,PCP,PALE IRIS,NA,
CHRYSLER 999 (S1)-LS,CHRYSLER,999,ORANGE,NA,
CHRYSLER T4 (S1)-LS,CHRYSLER,T4,NATURAL SUEDE TAN,NA,
CHRYSLER PRD (S1)-LS,CHRYSLER,PRD,PROWLER RED,NA,
CHRYSLER PE7 (S1)-LS,CHRYSLER,PE7,PASSION RED,NA,
CHRYSLER ST2 (S1)-LS,CHRYSLER,ST2,LIGHT CASHMERE,NA,
CHRYSLER PF2 (S1)-LS,CHRYSLER,PF2,NITRO YELLOW GREEN,NA,
CHRYSLER PC9 (S1)-LS,CHRYSLER,PC9,NIGHTWATCH BLUE,NA,
CHRYSLER 305 (S1)-LS,CHRYSLER,305,PACIFIC BLUE,NA,
CHRYSLER HQ3 (S1)-LS,CHRYSLER,HQ3,PACIFIC BLUE,NA,
CHRYSLER NKP (S1)-LS,CHRYSLER,NKP,OMAHA ORANGE,NA,
CHRYSLER LB8 (S1)-LS,CHRYSLER,LB8,WATER BLUE,NA,
CHRYSLER PAM (S1)-LS,CHRYSLER,PAM,VELVET RED,NA,
CHRYSLER PWL (S1)-LS,CHRYSLER,PWL,WHITE,NA,
CHRYSLER PGG (S1)-LS,CHRYSLER,PGG,SARGE GREEN,NA,
CHRYSLER OOO (S1)-LS,CHRYSLER,OOO,TAHITIAN CORAL,NA,
CHRYSLER NF2 (S1)-LS,CHRYSLER,NF2,SPITFIRE,NA,
CHRYSLER 565 (S1)-LS,CHRYSLER,565,VICTORIA IVORY,NA,
CHRYSLER LRN (S1)-LS,CHRYSLER,LRN,VIPER RED,NA,
CHRYSLER KYV (S1)-LS,CHRYSLER,KYV,STINGER YELLOW,NA,
CHRYSLER PYH (S1)-LS,CHRYSLER,PYH,SOLAR YELLOW,NA,
CHRYSLER SW5 (S1)-LS,CHRYSLER,SW5,STONE WHITE,NA,
CHRYSLER K59 (S1)-LS,CHRYSLER,K59,SAN MARINO YELLOW,NA,
CHRYSLER PW1 (S1)-LS,CHRYSLER,PW1,STONE WHITE,NA,
CHRYSLER PP2 (S1)-LS,CHRYSLER,PP2,SEA BLUE,NA,
CHRYSLER W83 (S1)-LS,CHRYSLER,W83,SCOTIA WHITE,NA,
CHRYSLER 268 (S1)-LS,CHRYSLER,268,SNOW WHITE,NA,
CHRYSLER 603 (S1)-LS,CHRYSLER,603,SUMAC RED,NA,
CHRYSLER GR4 (S1)-LS,CHRYSLER,GR4,RED,NA,
CHRYSLER LKT (S1)-LS,CHRYSLER,LKT,ROCK LOBSTER,NA,
CHRYSLER HGR (S1)-LS,CHRYSLER,HGR,RECON GREEN,NA,
CHRYSLER HY5 (S1)-LS,CHRYSLER,HY5,SAND,NA,
CITROEN EWQ (S1)-LS,CITROEN,EWQ,BLANC CEE,NA,
CITROEN KVC (S1)-LS,CITROEN,KVC,BLANC SUMMIT WHITE,NA,
CITROEN EBK (S1)-LS,CITROEN,EBK,BEIGE ARISTOCRAT,NA,
CITROEN ECF (S1)-LS,CITROEN,ECF,BEIGE ATLAS,NA,
CITROEN ETM (S1)-LS,CITROEN,ETM,BALTIC BLUE,NA,
CITROEN ELS (S1)-LS,CITROEN,ELS,ALMOND GREEN,NA,
CITROEN KCU (S1)-LS,CITROEN,KCU,BLANC ANTARTIQUE,NA,
CITROEN EEN (S1)-LS,CITROEN,EEN,BEIGE DUBAI,NA,
CITROEN ECS (S1)-LS,CITROEN,ECS,BEIGE ISNY,NA,
CITROEN KCZ (S1)-LS,CITROEN,KCZ,BLANC ANTARCTIQUE,NA,
CITROEN 058 (S1)-LS,CITROEN,058,BIANCO CIGNO,NA,
CITROEN EWH (S1)-LS,CITROEN,EWH,BLANC,NA,
CITROEN ECC (S1)-LS,CITROEN,ECC,BEIGE TAXI RFA,NA,
CITROEN LQU (S1)-LS,CITROEN,LQU,AGRUME,NA,
CITROEN KNC (S1)-LS,CITROEN,KNC,BLEU AMIRAL,NA,
CITROEN ENN (S1)-LS,CITROEN,ENN,BLEU SAVIEM,NA,
CITROEN EWB (S1)-LS,CITROEN,EWB,BLANC CORFOU,NA,
CITROEN EWG (S1)-LS,CITROEN,EWG,BLANC CARAVANE,NA,
CITROEN EWA (S1)-LS,CITROEN,EWA,BLANC CREMANT,NA,
CITROEN EWT (S1)-LS,CITROEN,EWT,BLANC MEIJE,NA,
CITROEN KWD (S1)-LS,CITROEN,KWD,BLANC LIPIZAN,NA,
CITROEN EWM (S1)-LS,CITROEN,EWM,BLANC CYGNE,NA,
CITROEN ENS (S1)-LS,CITROEN,ENS,BLEU,NA,
CITROEN EGA (S1)-LS,CITROEN,EGA,BLEU CALAO,NA,
CITROEN EMF (S1)-LS,CITROEN,EMF,BLEU TELECOM,NA,
CITROEN 067 (S1)-LS,CITROEN,067,BLU EDF,NA,
CITROEN EHX (S1)-LS,CITROEN,EHX,COQ DE ROCHE,NA,
CITROEN ENA (S1)-LS,CITROEN,ENA,BLEU PTT,NA,
CITROEN EMJ (S1)-LS,CITROEN,EMJ,BLEU PTT BELGIQUE,NA,
CITROEN KLP (S1)-LS,CITROEN,KLP,BLEU,NA,
CITROEN ENJ (S1)-LS,CITROEN,ENJ,BLEU,NA,
CITROEN EMB (S1)-LS,CITROEN,EMB,BLEU CELESTE,NA,
CITROEN KAE (S1)-LS,CITROEN,KAE,JAUNE MALAGA,NA,
CITROEN ETU (S1)-LS,CITROEN,ETU,GRIS MONTESPAN,NA,
CITROEN EVD (S1)-LS,CITROEN,EVD,GRIS ARMEE,NA,
CITROEN ECC- (S1)-LS,CITROEN,ECC,IVOIRE,NA,
CITROEN KLK (S1)-LS,CITROEN,KLK,BLEU SYDNEY,NA,
CITROEN EVP (S1)-LS,CITROEN,EVP,GRIS CORMORAN,NA,
CITROEN EVR (S1)-LS,CITROEN,EVR,GRIS NOCTURNE,NA,
CITROEN EFF (S1)-LS,CITROEN,EFF,BRUN OLIVE HOLLANDE,NA,
CITROEN ECH (S1)-LS,CITROEN,ECH,BEIGE MESSAGER,NA,
CITROEN EZT (S1)-LS,CITROEN,EZT,GRIS ALBATRE,NA,
CITROEN ENU (S1)-LS,CITROEN,ENU,BLEU SAPHIR,NA,
CITROEN KLF (S1)-LS,CITROEN,KLF,BLUE LIGHT,NA,
CITROEN ETF (S1)-LS,CITROEN,ETF,GRAND BLEU,NA,
CITROEN EVK (S1)-LS,CITROEN,EVK,GRIS ROSE,NA,
CITROEN EAA (S1)-LS,CITROEN,EAA,JAUNE RIALTO,NA,
CITROEN KMC (S1)-LS,CITROEN,KMC,BLEU POLICE,NA,
CITROEN ESQ (S1)-LS,CITROEN,ESQ,GRIS VERT GERARDMER,NA,
CITROEN ERK (S1)-LS,CITROEN,ERK,JELLY BERRY,NA,
CITROEN KKN (S1)-LS,CITROEN,KKN,ROUGE ADEN,NA,
CITROEN EJM (S1)-LS,CITROEN,EJM,ROUGE,NA,
CITROEN KAT (S1)-LS,CITROEN,KAT,JAUNE AURORE,NA,
CITROEN KAV (S1)-LS,CITROEN,KAV,JAUNE,NA,
CITROEN EAZ (S1)-LS,CITROEN,EAZ,JAUNE CADMIUM,NA,
CITROEN EAU (S1)-LS,CITROEN,EAU,JAUNE GENETS,NA,
CITROEN EBW (S1)-LS,CITROEN,EBW,JAUNE HERTZ,NA,
CITROEN EBL (S1)-LS,CITROEN,EBL,JAUNE ECOSSE,NA,
CITROEN KBM (S1)-LS,CITROEN,KBM,JAUNE LOUXOR,NA,
CITROEN 277F (S1)-LS,CITROEN,277F,JAUNE PTT,NA,
CITROEN KBL (S1)-LS,CITROEN,KBL,JAUNE CITRUS,NA,
CITROEN EBD (S1)-LS,CITROEN,EBD,JAUNE,NA,
CITROEN EAT (S1)-LS,CITROEN,EAT,JAUNE PASTEL,NA,
CITROEN EBT (S1)-LS,CITROEN,EBT,JAUNE IVECO,NA,
CITROEN EED (S1)-LS,CITROEN,EED,JAUNE POSTES DANEMARK,NA,
CITROEN EBZ (S1)-LS,CITROEN,EBZ,JAUNE POSTES AUTRICHE,NA,
CITROEN EAY (S1)-LS,CITROEN,EAY,JAUNE PTT SUEDE,NA,
CITROEN EDD (S1)-LS,CITROEN,EDD,JAUNE SERVICE CITROEN,NA,
CITROEN KAK (S1)-LS,CITROEN,KAK,JAUNE CARIOCA,NA,
CITROEN EKY (S1)-LS,CITROEN,EKY,ROUGE BRILLANT,NA,
CITROEN KBN (S1)-LS,CITROEN,KBN,JAUNE RA,NA,
CITROEN EAS (S1)-LS,CITROEN,EAS,JAUNE,NA,
CITROEN EBN (S1)-LS,CITROEN,EBN,JAUNE TOURNESOL,NA,
CITROEN EBH (S1)-LS,CITROEN,EBH,JAUNE TAXI MILAN,NA,
CITROEN KED (S1)-LS,CITROEN,KED,ROUGE CARMEN,NA,
CITROEN EHP (S1)-LS,CITROEN,EHP,JAUNE SOLE,NA,
CITROEN EHR (S1)-LS,CITROEN,EHR,ORANGE ETAT BELGE,NA,
CITROEN KHM (S1)-LS,CITROEN,KHM,ORANGE NASSAU,NA,
CITROEN EAL (S1)-LS,CITROEN,EAL,JAUNE SOUFRE,NA,
CITROEN EAX (S1)-LS,CITROEN,EAX,JAUNE TAXI NEW YORK,NA,
CITROEN KHN (S1)-LS,CITROEN,KHN,ORANGE MANGO,NA,
CITROEN EHQ (S1)-LS,CITROEN,EHQ,ORANGE PONTS ET CHAUSSEES,NA,
CITROEN EXY (S1)-LS,CITROEN,EXY,NOIR ONYX,NA,
CITROEN W3 (S1)-LS,CITROEN,W3,NOIR VULCANO,NA,
CITROEN EJH (S1)-LS,CITROEN,EJH,ROUGE FEU,NA,
CITROEN EKC (S1)-LS,CITROEN,EKC,ROUGE POMPIERS,NA,
CITROEN 150F (S1)-LS,CITROEN,150F,ROUGE SANGRO,NA,
CITROEN EKB (S1)-LS,CITROEN,EKB,ROUGE VALLELUNGA,NA,
CITROEN KKX (S1)-LS,CITROEN,KKX,ROUGE TIZIANO,NA,
CITROEN KJW (S1)-LS,CITROEN,KJW,ROUGE HERMES,NA,
CITROEN ESN (S1)-LS,CITROEN,ESN,VERT AQUARIUS,NA,
CITROEN LQL (S1)-LS,CITROEN,LQL,VERT CEDRE,NA,
CITROEN KQQ (S1)-LS,CITROEN,KQQ,VERT MUSCHIO,NA,
CITROEN ERJ (S1)-LS,CITROEN,ERJ,VERT BAMBOU,NA,
CITROEN KAC (S1)-LS,CITROEN,KAC,YELLOW SUBMARINE,NA,
CITROEN KQB (S1)-LS,CITROEN,KQB,VERT TELECOM PAYS BAS,NA,
CITROEN EQW (S1)-LS,CITROEN,EQW,VERT TELEPHONIQUE ESPAGNE,NA,
CITROEN EQM (S1)-LS,CITROEN,EQM,VERT SCREG,NA,
CITROEN KRM (S1)-LS,CITROEN,KRM,VERT VAILLANT,NA,
CITROEN ESL (S1)-LS,CITROEN,ESL,VERT SAPIN SNCB,NA,
CITROEN ERG (S1)-LS,CITROEN,ERG,VERT MERCEDES,NA,
CITROEN EQT (S1)-LS,CITROEN,EQT,VERT POSTE HOLLANDE,NA,
CITROEN ESA (S1)-LS,CITROEN,ESA,VERT MER,NA,
CITROEN EQN (S1)-LS,CITROEN,EQN,VERT INTERCOM,NA,
CITROEN ESR (S1)-LS,CITROEN,ESR,VERT MATTEI,NA,
CITROEN EKX (S1)-LS,CITROEN,EKX,ROUGE GROSEILLE,NA,
CITROEN KDQ (S1)-LS,CITROEN,KDQ,TAPENADE,NA,
CITROEN EKV (S1)-LS,CITROEN,EKV,ROUGE OPERA,NA,
CITROEN KJG (S1)-LS,CITROEN,KJG,ROUGE SCALA,NA,
CITROEN KKA (S1)-LS,CITROEN,KKA,ROUGE SMAC,NA,
CITROEN KJH (S1)-LS,CITROEN,KJH,ROUGE SCARLET,NA,
CITROEN ERL (S1)-LS,CITROEN,ERL,VERT GUARDIA CIVIL,NA,
CITROEN KQV (S1)-LS,CITROEN,KQV,VERT INNSBRUCK,NA,
CITROEN ESP (S1)-LS,CITROEN,ESP,VERT MENTHE,NA,
CITROEN ESX (S1)-LS,CITROEN,ESX,TURQUOISE,NA,
CITROEN ERV (S1)-LS,CITROEN,ERV,VERT GUINEE,NA,
CITROEN ESW (S1)-LS,CITROEN,ESW,VERT DEVON,NA,
CITROEN KSB (S1)-LS,CITROEN,KSB,VERT ACQUA,NA,
CITROEN LSA (S1)-LS,CITROEN,LSA,VERT FREEWAY,NA,
DAEWOO 55L (S1)-LS,DAEWOO,55L,CAMEL YELLOW,NA,
DAEWOO 90U (S1)-LS,DAEWOO,90U,IVORY,NA,
DAEWOO 76L (S1)-LS,DAEWOO,76L,CRIMSON RED,NA,
DAEWOO WAA (S1)-LS,DAEWOO,WAA,GRAND WHITE,NA,
DAEWOO GUD (S1)-LS,DAEWOO,GUD,HONEY MELLOW YELLOW,NA,
DAEWOO 53U (S1)-LS,DAEWOO,53U,AUTUMN YELLOW,NA,
DAEWOO 420C (S1)-LS,DAEWOO,420C,CIESZYN BLUE,NA,
DAEWOO 30L (S1)-LS,DAEWOO,30L,LAPIS BLUE,NA,
DAEWOO IR0 (S1)-LS,DAEWOO,IR0,INDIAN RED,NA,
DAEWOO 220C (S1)-LS,DAEWOO,220C,ZOLTY,NA,
DAEWOO 25U (S1)-LS,DAEWOO,25U,COBALT BLUE,NA,
DAEWOO LY0 (S1)-LS,DAEWOO,LY0,LIMA YELLOW,NA,
DAEWOO 73L (S1)-LS,DAEWOO,73L,SUPER RED,NA,
DAEWOO 21L (S1)-LS,DAEWOO,21L,SAPPHIRE BLUE,NA,
DAEWOO 49L (S1)-LS,DAEWOO,49L,MOSS GREEN,NA,
DAEWOO 73U (S1)-LS,DAEWOO,73U,SUPER RED,NA,
DAEWOO UM0 (S1)-LS,DAEWOO,UM0,ULTRAMARINE BLUE,NA,
DAEWOO 56U (S1)-LS,DAEWOO,56U,LEMON YELLOW,NA,
DAEWOO 52U (S1)-LS,DAEWOO,52U,HIGHWAY YELLOW,NA,
DAEWOO 53L (S1)-LS,DAEWOO,53L,JAMAICA YELLOW,NA,
DAEWOO G4C (S1)-LS,DAEWOO,G4C,ROYAL SOLID BLUE,NA,
DAEWOO SW1 (S1)-LS,DAEWOO,SW1,SUPERIOR WHITE,NA,
DAEWOO TB0 (S1)-LS,DAEWOO,TB0,ASTRO BLUE,NA,
DAEWOO 57L (S1)-LS,DAEWOO,57L,TWINKLE BEIGE,NA,
DAEWOO 21L- (S1)-LS,DAEWOO,21L,DARK SAPPHIRE,NA,
DAIHATSU R19 (S1)-LS,DAIHATSU,R19,PURE RED,NA,
DAIHATSU R48 (S1)-LS,DAIHATSU,R48,MISTIK RED,NA,
DAIHATSU R40 (S1)-LS,DAIHATSU,R40,RED,NA,
DAIHATSU 3E7 (S1)-LS,DAIHATSU,3E7,RED,NA,
DAIHATSU R29 (S1)-LS,DAIHATSU,R29,RED,NA,
DAIHATSU R12 (S1)-LS,DAIHATSU,R12,GARNET RED,NA,
DAIHATSU B33 (S1)-LS,DAIHATSU,B33,BLUE RIVER,NA,
DAIHATSU 038 (S1)-LS,DAIHATSU,038,WHITE IMPULSE,NA,
DAIHATSU B29 (S1)-LS,DAIHATSU,B29,SLATE BLUE,NA,
DAIHATSU B17 (S1)-LS,DAIHATSU,B17,NAVY BLUE,NA,
DAIHATSU G13 (S1)-LS,DAIHATSU,G13,FOREST GREEN,NA,
DAIHATSU 541 (S1)-LS,DAIHATSU,541,YELLOW,NA,
DAIHATSU Y02 (S1)-LS,DAIHATSU,Y02,YELLOW,NA,
DAIHATSU B07 (S1)-LS,DAIHATSU,B07,BLUE,NA,
DAIHATSU G09 (S1)-LS,DAIHATSU,G09,GREEN,NA,
DAIHATSU G05 (S1)-LS,DAIHATSU,G05,GREEN,NA,
DAIHATSU B09 (S1)-LS,DAIHATSU,B09,BLUE,NA,
DAIHATSU G21 (S1)-LS,DAIHATSU,G21,GREEN RIMIZ,NA,
DAIHATSU B13 (S1)-LS,DAIHATSU,B13,BLUE,NA,
DAIHATSU 8E5 (S1)-LS,DAIHATSU,8E5,BLUE,NA,
DAIHATSU P03 (S1)-LS,DAIHATSU,P03,LAVENDER,NA,
DAIHATSU G07 (S1)-LS,DAIHATSU,G07,AQUAMARINE,NA,
DAIHATSU 3D3 (S1)-LS,DAIHATSU,3D3,ORANGE,NA,
DAIHATSU R06 (S1)-LS,DAIHATSU,R06,HIGHSPEED RED,NA,
DAIHATSU R14 (S1)-LS,DAIHATSU,R14,RED,NA,
DAIHATSU R15 (S1)-LS,DAIHATSU,R15,DEEP RED,NA,
DAIHATSU R13 (S1)-LS,DAIHATSU,R13,RED,NA,
DAIHATSU R16 (S1)-LS,DAIHATSU,R16,RED,NA,
DAIHATSU 391 (S1)-LS,DAIHATSU,391,RED,NA,
DAIHATSU G10 (S1)-LS,DAIHATSU,G10,GREEN,NA,
DAIHATSU Y04 (S1)-LS,DAIHATSU,Y04,YELLOW,NA,
DAIHATSU Y06 (S1)-LS,DAIHATSU,Y06,MUSTARD YELLOW,NA,
DAIHATSU X14 (S1)-LS,DAIHATSU,X14,GLOSSY BLACK,NA,
DAIHATSU T08 (S1)-LS,DAIHATSU,T08,BEIGE,NA,
DAIHATSU 033 (S1)-LS,DAIHATSU,033,PURE WHITE,NA,
DAIHATSU 045 (S1)-LS,DAIHATSU,045,WHITE,NA,
DAIHATSU W13 (S1)-LS,DAIHATSU,W13,IVORY,NA,
DAIHATSU 156S (S1)-LS,DAIHATSU,156S,DARK GREY,NA,
FORD AMERICA W5 (S1)-LS,FORD AMERICA,W5,CERAMIC WHITE,NA,
FORD AMERICA V (S1)-LS,FORD AMERICA,V,CASINO CREAM,NA,
FORD AMERICA BZ (S1)-LS,FORD AMERICA,BZ,CHROME YELLOW,NA,
FORD AMERICA D3 (S1)-LS,FORD AMERICA,D3,COLORADO RED,NA,
FORD AMERICA EA (S1)-LS,FORD AMERICA,EA,CARDINAL RED,NA,
FORD AMERICA M (S1)-LS,FORD AMERICA,M,CORAL FLAME ,NA,
FORD AMERICA EC (S1)-LS,FORD AMERICA,EC,CURRANT RED,NA,
FORD AMERICA EU (S1)-LS,FORD AMERICA,EU,CANDYAPPLE RED,NA,
FORD AMERICA N (S1)-LS,FORD AMERICA,N,CORAL FLAME RED,NA,
FORD AMERICA CM (S1)-LS,FORD AMERICA,CM,BRIGHT TANGERINE,NA,
FORD AMERICA LK (S1)-LS,FORD AMERICA,LK,DARK BLUE,NA,
FORD AMERICA W (S1)-LS,FORD AMERICA,W,CORINTHIAN WHITE,NA,
FORD AMERICA 5T (S1)-LS,FORD AMERICA,5T,BRIGHT CARAMEL,NA,
FORD AMERICA U (S1)-LS,FORD AMERICA,U,BEIGE,NA,
FORD AMERICA ZM (S1)-LS,FORD AMERICA,ZM,COLONIAL WHITE,NA,
FORD AMERICA 3T (S1)-LS,FORD AMERICA,3T,BAHAMA BLUE,NA,
FORD AMERICA B (S1)-LS,FORD AMERICA,B,CARIBBEAN TURQUOISE,NA,
FORD AMERICA 6S (S1)-LS,FORD AMERICA,6S,CHROME YELLOW,NA,
FORD AMERICA 5F (S1)-LS,FORD AMERICA,5F,BRIGHT ORANGE,NA,
FORD AMERICA 2R (S1)-LS,FORD AMERICA,2R,BRIGHT RED,NA,
FORD AMERICA E7 (S1)-LS,FORD AMERICA,E7,DARK RUBY,NA,
FORD AMERICA F (S1)-LS,FORD AMERICA,F,CORAL,NA,
FORD AMERICA 6N (S1)-LS,FORD AMERICA,6N,BRIGHT YELLOW,NA,
FORD AMERICA L5 (S1)-LS,FORD AMERICA,L5,AZURE BLUE,NA,
FORD AMERICA K (S1)-LS,FORD AMERICA,K,BENGAL TAN,NA,
FORD AMERICA PF (S1)-LS,FORD AMERICA,PF,BRIGHT AQUA,NA,
FORD AMERICA C (S1)-LS,FORD AMERICA,C,BALTIC BLUE,NA,
FORD AMERICA AJ (S1)-LS,FORD AMERICA,AJ,ALABASTER,NA,
FORD AMERICA 8C (S1)-LS,FORD AMERICA,8C,CHAMOIS PASTEL,NA,
FORD AMERICA NG (S1)-LS,FORD AMERICA,NG,DARK BROWN,NA,
RENAULT 010 (S1)-LS,RENAULT,010,BEIGE,NA,
RENAULT 139 (S1)-LS,RENAULT,139,BEIGE CAMARGUE,NA,
RENAULT 329 (S1)-LS,RENAULT,329,BLANC ARCTIQUE,NA,
RENAULT 819 (S1)-LS,RENAULT,819,BLANC BRILLANT,NA,
RENAULT 810 (S1)-LS,RENAULT,810,BLANC PERLE,NA,
RENAULT 303 (S1)-LS,RENAULT,303,BLANC GARDENIA,NA,
RENAULT 170 (S1)-LS,RENAULT,170,BEIGE,NA,
RENAULT 144 (S1)-LS,RENAULT,144,BEIGE,NA,
RENAULT C75 (S1)-LS,RENAULT,C75,AZTEC RED,NA,
RENAULT 384 (S1)-LS,RENAULT,384,BLANC,NA,
RENAULT 348 (S1)-LS,RENAULT,348,BLANC,NA,
RENAULT QNE (S1)-LS,RENAULT,QNE,BLANC,NA,
RENAULT QXB (S1)-LS,RENAULT,QXB,BLANC,NA,
RENAULT 322 (S1)-LS,RENAULT,322,BLANC,NA,
RENAULT 163 (S1)-LS,RENAULT,163,BEIGE ATLAS,NA,
RENAULT 455 (S1)-LS,RENAULT,455,BLEU NUIT,NA,
RENAULT 369 (S1)-LS,RENAULT,369,BLANC GLACIER,NA,
RENAULT 531 (S1)-LS,RENAULT,531,BLANC IRIDIUM,NA,
RENAULT 430 (S1)-LS,RENAULT,430,AZUL,NA,
RENAULT 441 (S1)-LS,RENAULT,441,BLEU BRUME,NA,
RENAULT QNJ (S1)-LS,RENAULT,QNJ,BLANC CRISTAL,NA,
RENAULT 532 (S1)-LS,RENAULT,532,BLANC NAUTIQUE,NA,
RENAULT 499 (S1)-LS,RENAULT,499,BLEU COBALT,NA,
RENAULT 453 (S1)-LS,RENAULT,453,BLEU DANUBE,NA,
RENAULT 242 (S1)-LS,RENAULT,242,BLEU,NA,
RENAULT 429 (S1)-LS,RENAULT,429,BLEU DE SEVRES,NA,
RENAULT 488 (S1)-LS,RENAULT,488,BLEU CYAN,NA,
RENAULT A42 (S1)-LS,RENAULT,A42,BLEU GENTIANE,NA,
RENAULT 043 (S1)-LS,RENAULT,043,BLEU PTT IRLANDE,NA,
RENAULT RPC (S1)-LS,RENAULT,RPC,BLEU BERMUDES,NA,
RENAULT 049 (S1)-LS,RENAULT,049,BLEU PTT,NA,
RENAULT D46 (S1)-LS,RENAULT,D46,BLEU ANATOLE,NA,
RENAULT RPH (S1)-LS,RENAULT,RPH,BLEU AZUR,NA,
RENAULT 457 (S1)-LS,RENAULT,457,BLEU OUTREMER,NA,
RENAULT QNG (S1)-LS,RENAULT,QNG,BLANC MINERAL,NA,
RENAULT 300 (S1)-LS,RENAULT,300,BLANC KILIMANDJARO,NA,
RENAULT RPS (S1)-LS,RENAULT,RPS,BLEU CARAIBES,NA,
RENAULT 426 (S1)-LS,RENAULT,426,BLEU CIEL,NA,
RENAULT RPE (S1)-LS,RENAULT,RPE,BLEU MARINE FUME,NA,
RENAULT 114 (S1)-LS,RENAULT,114,GRIS ALPAGA,NA,
RENAULT 460 (S1)-LS,RENAULT,460,BLEU ROY,NA,
RENAULT 412 (S1)-LS,RENAULT,412,BLEU FJORD,NA,
RENAULT RPJ (S1)-LS,RENAULT,RPJ,BLEU DE FRANCE,NA,
RENAULT 464 (S1)-LS,RENAULT,464,BLEU ILE DE FRANCE,NA,
RENAULT RPP (S1)-LS,RENAULT,RPP,BLEU DRAGEE,NA,
RENAULT H46 (S1)-LS,RENAULT,H46,BLEU OMEGA,NA,
RENAULT D41 (S1)-LS,RENAULT,D41,BLEU MARIN,NA,
RENAULT 420 (S1)-LS,RENAULT,420,BLEU LAVANDE,NA,
RENAULT 61H (S1)-LS,RENAULT,61H,BLEU MARINE,NA,
RENAULT 548 (S1)-LS,RENAULT,548,BLEU MARINE,NA,
RENAULT 423 (S1)-LS,RENAULT,423,BLEU SAVIEM,NA,
RENAULT 544 (S1)-LS,RENAULT,544,BLEU TIBETAIN,NA,
RENAULT 109 (S1)-LS,RENAULT,109,GRIS ALPAGA,NA,
RENAULT 489 (S1)-LS,RENAULT,489,BLEU MYOSOTIS,NA,
RENAULT D34 (S1)-LS,RENAULT,D34,CLOUD WHITE,NA,
RENAULT 306 (S1)-LS,RENAULT,306,JAUNE ANIS,NA,
RENAULT 751 (S1)-LS,RENAULT,751,BOIS DE ROSE,NA,
RENAULT 771 (S1)-LS,RENAULT,771,BRIQUE,NA,
RENAULT KNT (S1)-LS,RENAULT,KNT,GRIS NUAGE,NA,
RENAULT A34 (S1)-LS,RENAULT,A34,JAUNE,NA,
RENAULT 351 (S1)-LS,RENAULT,351,JAUNE,NA,
RENAULT ENP (S1)-LS,RENAULT,ENP,JAUNE SPORT,NA,
RENAULT A65 (S1)-LS,RENAULT,A65,GRIS VEHICULE DE SERVICE,NA,
RENAULT 666 (S1)-LS,RENAULT,666,GRIS PALOMBE,NA,
RENAULT 103 (S1)-LS,RENAULT,103,IVOIRE BAMAKO,NA,
RENAULT 721 (S1)-LS,RENAULT,721,BORDEAUX,NA,
RENAULT 775 (S1)-LS,RENAULT,775,BURDEOS,NA,
RENAULT 600 (S1)-LS,RENAULT,600,GRIS PTT,NA,
RENAULT C64 (S1)-LS,RENAULT,C64,GRIS,NA,
RENAULT 811 (S1)-LS,RENAULT,811,CLASSIC BLACK,NA,
RENAULT 927 (S1)-LS,RENAULT,927,EMERAUDE,NA,
RENAULT 159 (S1)-LS,RENAULT,159,GREGE,NA,
RENAULT 417 (S1)-LS,RENAULT,417,BLEU VERSAILLES,NA,
RENAULT 261 (S1)-LS,RENAULT,261,GRIS,NA,
RENAULT 105 (S1)-LS,RENAULT,105,BRUN SMYRNE,NA,
RENAULT D32 (S1)-LS,RENAULT,D32,CORN YELLOW,NA,
RENAULT A70 (S1)-LS,RENAULT,A70,ROUGE,NA,
RENAULT NNL (S1)-LS,RENAULT,NNL,ROUGE FILAMENT,NA,
RENAULT 213 (S1)-LS,RENAULT,213,ROUGE ITALIEN,NA,
RENAULT 832 (S1)-LS,RENAULT,832,ROUGE RADIANT,NA,
RENAULT NNS (S1)-LS,RENAULT,NNS,ROUGE MAGMA,NA,
RENAULT 780 (S1)-LS,RENAULT,780,ROUGE SMAC,NA,
RENAULT 704 (S1)-LS,RENAULT,704,ROUGE PIMENT,NA,
RENAULT 746 (S1)-LS,RENAULT,746,ROUGE PTT BELGE,NA,
RENAULT 738 (S1)-LS,RENAULT,738,ROUGE POMPIERS,NA,
RENAULT 763 (S1)-LS,RENAULT,763,ROUGE ETRUSQUE,NA,
RENAULT 755 (S1)-LS,RENAULT,755,ROJO,NA,
RENAULT KPF (S1)-LS,RENAULT,KPF,GRIS TAUPE,NA,
RENAULT 230 (S1)-LS,RENAULT,230,JAUNE PTT AUTRICHE,NA,
RENAULT 705 (S1)-LS,RENAULT,705,ROUGE,NA,
RENAULT 691 (S1)-LS,RENAULT,691,GRIS,NA,
RENAULT 324 (S1)-LS,RENAULT,324,JAUNE CITRON,NA,
RENAULT ENW (S1)-LS,RENAULT,ENW,JAUNE ECLAIR,NA,
RENAULT I31 (S1)-LS,RENAULT,I31,JAUNE POSTE SUEDE,NA,
RENAULT 371 (S1)-LS,RENAULT,371,JAUNE DE CHROME,NA,
RENAULT KNU (S1)-LS,RENAULT,KNU,GRIS TAUPE,NA,
RENAULT 799 (S1)-LS,RENAULT,799,ROUGE MAGENTA,NA,
RENAULT 719 (S1)-LS,RENAULT,719,ROUGE VIF,NA,
RENAULT 075 (S1)-LS,RENAULT,075,ROUGE VIF,NA,
RENAULT 071 (S1)-LS,RENAULT,071,ROUGE POMPIERS,NA,
RENAULT 934 (S1)-LS,RENAULT,934,VERT YANOS,NA,
RENAULT 908 (S1)-LS,RENAULT,908,VERT PAMPA,NA,
RENAULT 994 (S1)-LS,RENAULT,994,VERT EUROPCAR,NA,
RENAULT 904 (S1)-LS,RENAULT,904,VERT MELEZE,NA,
RENAULT 591 (S1)-LS,RENAULT,591,VERT AMAZONIE,NA,
RENAULT 996 (S1)-LS,RENAULT,996,VERT SEQUOIA,NA,
RENAULT 972 (S1)-LS,RENAULT,972,VERT CORIANDRE,NA,
RENAULT 530 (S1)-LS,RENAULT,530,JAUNE,NA,
RENAULT 031 (S1)-LS,RENAULT,031,ORANGE,NA,
RENAULT 312 (S1)-LS,RENAULT,312,ORANGE,NA,
RENAULT 003 (S1)-LS,RENAULT,003,ROUGE ITALIEN,NA,
RENAULT 752 (S1)-LS,RENAULT,752,ROUGE,NA,
RENAULT 571 (S1)-LS,RENAULT,571,ROUGE APACHE,NA,
RENAULT 239 (S1)-LS,RENAULT,239,ROUGE CORRIDA,NA,
RENAULT 731 (S1)-LS,RENAULT,731,ROUGE ANDALOU,NA,
RENAULT 721- (S1)-LS,RENAULT,721,ROJO,NA,
RENAULT 797 (S1)-LS,RENAULT,797,ROUGE CORAIL,NA,
RENAULT 756 (S1)-LS,RENAULT,756,ROUGE CORAIL,NA,
RENAULT 728 (S1)-LS,RENAULT,728,ROUGE LAQUE,NA,
RENAULT 496 (S1)-LS,RENAULT,496,OLYMPE,NA,
RENAULT A73 (S1)-LS,RENAULT,A73,VIOLET,NA,
RENAULT B77 (S1)-LS,RENAULT,B77,ROUGE MARGOT,NA,
RENAULT B90 (S1)-LS,RENAULT,B90,VERT LA REDOUTE,NA,
RENAULT A94 (S1)-LS,RENAULT,A94,VERT OFFICE NATIONAL FORETS,NA,
RENAULT 155 (S1)-LS,RENAULT,155,SABLE ,NA,
RENAULT 377 (S1)-LS,RENAULT,377,JAUNE TOURNESOL,NA,
RENAULT F97 (S1)-LS,RENAULT,F97,LIVE PASTEL,NA,
RENAULT DPW (S1)-LS,RENAULT,DPW,VERT PISTACHE,NA,
RENAULT 727 (S1)-LS,RENAULT,727,ROUGE VIF,NA,
RENAULT D93 (S1)-LS,RENAULT,D93,VERT COTTAGE,NA,
RENAULT 936 (S1)-LS,RENAULT,936,VERDE,NA,
RENAULT F91 (S1)-LS,RENAULT,F91,VERT RAINETTE,NA,
RENAULT 925 (S1)-LS,RENAULT,925,TURQUOISE,NA,
RENAULT 598 (S1)-LS,RENAULT,598,VERT BONZAI,NA,
RENAULT 993 (S1)-LS,RENAULT,993,VERT,NA,
RENAULT D90 (S1)-LS,RENAULT,D90,VERT MOUSSE,NA,
HYUNDAI AS (S1)-LS,HYUNDAI,AS,GREYISH PURPLE,NA,
HYUNDAI T8G (S1)-LS,HYUNDAI,T8G,BABY ELEPHANT,NA,
HYUNDAI OT (S1)-LS,HYUNDAI,OT,IVORY LIGHT,NA,
HYUNDAI JL (S1)-LS,HYUNDAI,JL,FUNNY YELLOW,NA,
HYUNDAI BG (S1)-LS,HYUNDAI,BG,BAHAMAS GOLD,NA,
HYUNDAI AV (S1)-LS,HYUNDAI,AV,INDIAN RED,NA,
HYUNDAI XM (S1)-LS,HYUNDAI,XM,POPPY RED,NA,
HYUNDAI FR (S1)-LS,HYUNDAI,FR,FLAMING ROSE,NA,
HYUNDAI TD (S1)-LS,HYUNDAI,TD,MARS RED ,NA,
HYUNDAI HL (S1)-LS,HYUNDAI,HL,HIPHOP RED,NA,
HYUNDAI FW (S1)-LS,HYUNDAI,FW,BLUISH RED,NA,
HYUNDAI TWR (S1)-LS,HYUNDAI,TWR,COOL RED,NA,
HYUNDAI VK (S1)-LS,HYUNDAI,VK,BALTIC BLUE,NA,
HYUNDAI CE (S1)-LS,HYUNDAI,CE,COMET BLUE,NA,
HYUNDAI AB (S1)-LS,HYUNDAI,AB,AMBASSADOR BLUE,NA,
HYUNDAI PGU (S1)-LS,HYUNDAI,PGU,CRYSTAL WHITE,NA,
HYUNDAI TCW (S1)-LS,HYUNDAI,TCW,CREAMY WHITE,NA,
HYUNDAI PDW (S1)-LS,HYUNDAI,PDW,DAZZLING WHITE,NA,
HYUNDAI PHW (S1)-LS,HYUNDAI,PHW,CORAL WHITE,NA,
HYUNDAI YAC (S1)-LS,HYUNDAI,YAC,CREAM WHITE,NA,
HYUNDAI WAW (S1)-LS,HYUNDAI,WAW,CERAMIC WHITE,NA,
HYUNDAI FX (S1)-LS,HYUNDAI,FX,BELL FLOWER,NA,
HYUNDAI FQ (S1)-LS,HYUNDAI,FQ,CORAL BLUE,NA,
HYUNDAI PKW (S1)-LS,HYUNDAI,PKW,WINTER WHITE,NA,
HYUNDAI MB (S1)-LS,HYUNDAI,MB,MATCH BLUE,NA,
HYUNDAI PYW (S1)-LS,HYUNDAI,PYW,POLAR WHITE,NA,
HYUNDAI DS (S1)-LS,HYUNDAI,DS,VERY DARK RED,NA,
HYUNDAI NL (S1)-LS,HYUNDAI,NL,NEW BLUE,NA,
HYUNDAI FG (S1)-LS,HYUNDAI,FG,FOREST GREEN,NA,
HYUNDAI AO (S1)-LS,HYUNDAI,AO,REDDISH BEIGE,NA,
HYUNDAI WT (S1)-LS,HYUNDAI,WT,ZESTY BLUE,NA,
HYUNDAI QE (S1)-LS,HYUNDAI,QE,TEAL BLUE,NA,
HYUNDAI SO (S1)-LS,HYUNDAI,SO,SIGNAL RED,NA,
HYUNDAI YY (S1)-LS,HYUNDAI,YY,SUNNY YELLOW,NA,
HYUNDAI SYY (S1)-LS,HYUNDAI,SYY,SUN FLOWER,NA,
HYUNDAI TR (S1)-LS,HYUNDAI,TR,TROPICAL RED,NA,
HYUNDAI PU (S1)-LS,HYUNDAI,PU,CARDINAL RED,NA,
HYUNDAI PJW (S1)-LS,HYUNDAI,PJW,PURE WHITE,NA,
HYUNDAI XJ (S1)-LS,HYUNDAI,XJ,OPAL GREEN,NA,
HYUNDAI OR (S1)-LS,HYUNDAI,OR,PASSION RED,NA,
HYUNDAI NZ (S1)-LS,HYUNDAI,NZ,NOBLE WHITE,NA,
HYUNDAI IB (S1)-LS,HYUNDAI,IB,OCEAN BLUE,NA,
TOYOTA 8H6 (S1)-LS,TOYOTA,8H6,ATLANTIC BLUE,NA,
HYUNDAI PL (S1)-LS,HYUNDAI,PL,PASTEL YELLOW,NA,
HYUNDAI CB (S1)-LS,HYUNDAI,CB,CREAM BEIGE,NA,
HYUNDAI CI (S1)-LS,HYUNDAI,CI,CREAM BEIGE,NA,
HYUNDAI YA (S1)-LS,HYUNDAI,YA,POTOMAC BLUE,NA,
HYUNDAI OK (S1)-LS,HYUNDAI,OK,LOTUS GREEN,NA,
TOYOTA 069 (S1)-LS,TOYOTA,069,COOL WHITE,NA,
TOYOTA 8E5 (S1)-LS,TOYOTA,8E5,BLUE,NA,
TOYOTA 8P0 (S1)-LS,TOYOTA,8P0,BLUE,NA,
TOYOTA 802 (S1)-LS,TOYOTA,802,BLUE,NA,
TOYOTA 877 (S1)-LS,TOYOTA,877,BLUE,NA,
TOYOTA 8Q4 (S1)-LS,TOYOTA,8Q4,DARK BLUE,NA,
TOYOTA 8B2 (S1)-LS,TOYOTA,8B2,BLUE,NA,
TOYOTA 8A1 (S1)-LS,TOYOTA,8A1,BLUE,NA,
TOYOTA 4A8 (S1)-LS,TOYOTA,4A8,BEIGE,NA,
TOYOTA 464 (S1)-LS,TOYOTA,464,BEIGE,NA,
TOYOTA 4E9 (S1)-LS,TOYOTA,4E9,BEIGE,NA,
TOYOTA 4L2 (S1)-LS,TOYOTA,4L2,BEIGE,NA,
TOYOTA 4H3 (S1)-LS,TOYOTA,4H3,BEIGE,NA,
TOYOTA 499 (S1)-LS,TOYOTA,499,BEIGE,NA,
TOYOTA 4B8 (S1)-LS,TOYOTA,4B8,BEIGE,NA,
TOYOTA 4V6 (S1)-LS,TOYOTA,4V6,BEIGE,NA,
TOYOTA H6Q (S1)-LS,TOYOTA,H6Q,DESERT KHAKI,NA,
TOYOTA 8A6 (S1)-LS,TOYOTA,8A6,BLUE,NA,
TOYOTA 313 (S1)-LS,TOYOTA,313,BORDEAUX,NA,
TOYOTA 4L3 (S1)-LS,TOYOTA,4L3,DEEP BROWN,NA,
TOYOTA 81U (S1)-LS,TOYOTA,81U,BRIGHT RED,NA,
TOYOTA 3E6 (S1)-LS,TOYOTA,3E6,BRIGHT RED,NA,
TOYOTA 5B9 (S1)-LS,TOYOTA,5B9,DYNAMIC YELLOW,NA,
TOYOTA 398 (S1)-LS,TOYOTA,398,DARK RED,NA,
TOYOTA 8W5 (S1)-LS,TOYOTA,8W5,BLUE,NA,
TOYOTA 4K3 (S1)-LS,TOYOTA,4K3,BROWN,NA,
TOYOTA 4W6 (S1)-LS,TOYOTA,4W6,BROWN,NA,
TOYOTA 190 (S1)-LS,TOYOTA,190,DARK GREY,NA,
TOYOTA 3E9 (S1)-LS,TOYOTA,3E9,DARK RED,NA,
TOYOTA 3E8 (S1)-LS,TOYOTA,3E8,DEEP MAROON,NA,
TOYOTA 16U (S1)-LS,TOYOTA,16U,BRIGHT WHITE,NA,
TOYOTA 055 (S1)-LS,TOYOTA,055,CLEAR WHITE,NA,
TOYOTA 4V9 (S1)-LS,TOYOTA,4V9,CREAM BEIGE,NA,
TOYOTA 1545 (S1)-LS,TOYOTA,1545,CAMEO CREAM,NA,
TOYOTA 5B7 (S1)-LS,TOYOTA,5B7,BRILLIANT YELLOW,NA,
TOYOTA 8M4 (S1)-LS,TOYOTA,8M4,DARK BLUE,NA,
TOYOTA 4H8 (S1)-LS,TOYOTA,4H8,IVORY,NA,
TOYOTA 9J7 (S1)-LS,TOYOTA,9J7,FRESH GREEN,NA,
TOYOTA 8W2 (S1)-LS,TOYOTA,8W2,CAVALRY BLUE,NA,
TOYOTA 4W2 (S1)-LS,TOYOTA,4W2,ORANGE,NA,
TOYOTA 3E7 (S1)-LS,TOYOTA,3E7,RED,NA,
TOYOTA 3F4 (S1)-LS,TOYOTA,3F4,RED,NA,
TOYOTA 3L2 (S1)-LS,TOYOTA,3L2,SUPER RED 4,NA,
TOYOTA KJF (S1)-LS,TOYOTA,KJF,SEVILLA RED,NA,
TOYOTA 3H7 (S1)-LS,TOYOTA,3H7,RED 3,NA,
TOYOTA 3U0 (S1)-LS,TOYOTA,3U0,SUPER RED 4,NA,
TOYOTA 3P0 (S1)-LS,TOYOTA,3P0,SUPER RED 5,NA,
TOYOTA 557 (S1)-LS,TOYOTA,557,LIGHT YELLOW,NA,
TOYOTA 053 (S1)-LS,TOYOTA,053,IVORY WHITE,NA,
TOYOTA 939 (S1)-LS,TOYOTA,939,LAVENDER,NA,
TOYOTA 4M5 (S1)-LS,TOYOTA,4M5,LIGHT BROWN,NA,
TOYOTA 3U1 (S1)-LS,TOYOTA,3U1,JELLY BERRY,NA,
TOYOTA M7Y (S1)-LS,TOYOTA,M7Y,PURE RED,NA,
TOYOTA 3L5 (S1)-LS,TOYOTA,3L5,RED,NA,
TOYOTA 681 (S1)-LS,TOYOTA,681,RED,NA,
TOYOTA 8E2 (S1)-LS,TOYOTA,8E2,DARK BLUE,NA,
TOYOTA 947 (S1)-LS,TOYOTA,947,LAVENDER WHITE,NA,
TOYOTA 898 (S1)-LS,TOYOTA,898,DARK BLUE,NA,
TOYOTA 803 (S1)-LS,TOYOTA,803,LIGHT BLUE,NA,
TOYOTA 3J4 (S1)-LS,TOYOTA,3J4,ORANGE,NA,
TOYOTA 653 (S1)-LS,TOYOTA,653,OLIVE,NA,
TOYOTA 41U (S1)-LS,TOYOTA,41U,ONYX BLACK,NA,
TOYOTA 4E4 (S1)-LS,TOYOTA,4E4,GREYISH YELLOW,NA,
TOYOTA 599 (S1)-LS,TOYOTA,599,LIGHT YELLOW,NA,
TOYOTA 3F3 (S1)-LS,TOYOTA,3F3,RED,NA,
TOYOTA 373 (S1)-LS,TOYOTA,373,RED,NA,
TOYOTA 3M7 (S1)-LS,TOYOTA,3M7,RED,NA,
TOYOTA 9K6 (S1)-LS,TOYOTA,9K6,SUNSET ORANGE,NA,
TOYOTA 6R7 (S1)-LS,TOYOTA,6R7,GREEN,NA,
TOYOTA 6Q5 (S1)-LS,TOYOTA,6Q5,FOREST GREEN,NA,
TOYOTA 8M1 (S1)-LS,TOYOTA,8M1,LAVENDER BLUE,NA,
TOYOTA 6A9 (S1)-LS,TOYOTA,6A9,LIGHT OLIVE GREEN,NA,
TOYOTA 6H9 (S1)-LS,TOYOTA,6H9,GREYISH OLIVE,NA,
TOYOTA 4C6 (S1)-LS,TOYOTA,4C6,IVORY,NA,
TOYOTA 571 (S1)-LS,TOYOTA,571,YELLOW,NA,
TOYOTA 546 (S1)-LS,TOYOTA,546,YELLOW,NA,
TOYOTA 558 (S1)-LS,TOYOTA,558,YELLOW,NA,
TOYOTA 576 (S1)-LS,TOYOTA,576,SUPER BRIGHT YELLOW,NA,
TOYOTA 358 (S1)-LS,TOYOTA,358,ORANGE,NA,
TOYOTA 3A7 (S1)-LS,TOYOTA,3A7,TERRA COTTA,NA,
TOYOTA 391 (S1)-LS,TOYOTA,391,LOVELY RED,NA,
TOYOTA 3D7 (S1)-LS,TOYOTA,3D7,RED,NA,
TOYOTA L33 (S1)-LS,TOYOTA,L33,RED,NA,
TOYOTA 9K1 (S1)-LS,TOYOTA,9K1,MINT GREEN,NA,
TOYOTA 9K2 (S1)-LS,TOYOTA,9K2,MOSS GREEN,NA,
TOYOTA 6L4 (S1)-LS,TOYOTA,6L4,OLIVE,NA,
TOYOTA 059 (S1)-LS,TOYOTA,059,PURPLISH WHITE,NA,
TOYOTA 8L0 (S1)-LS,TOYOTA,8L0,PASTEL BLUE,NA,
TOYOTA 8H9 (S1)-LS,TOYOTA,8H9,PASTEL BLUE,NA,
TOYOTA 8X0 (S1)-LS,TOYOTA,8X0,SMOKY BLUE,NA,
TOYOTA 9K3 (S1)-LS,TOYOTA,9K3,SLATE BLUE,NA,
TOYOTA 9J5 (S1)-LS,TOYOTA,9J5,SKY BLUE,NA,
TOYOTA 766 (S1)-LS,TOYOTA,766,TURQUOISE,NA,
TOYOTA 6Q6 (S1)-LS,TOYOTA,6Q6,SHADE GREEN,NA,
TOYOTA W19 (S1)-LS,TOYOTA,W19,WHITE,NA,
TOYOTA 001 (S1)-LS,TOYOTA,001,WHITE,NA,
TOYOTA 067 (S1)-LS,TOYOTA,067,VANILLA WHITE,NA,
TOYOTA Y75S (S1)-LS,TOYOTA,Y75S,WHITE,NA,
TOYOTA 004 (S1)-LS,TOYOTA,004,WHITE CAMEO,NA,
TOYOTA 060 (S1)-LS,TOYOTA,060,WHITE,NA,
TOYOTA 043 (S1)-LS,TOYOTA,043,SUPER WHITE 3,NA,
TOYOTA 041 (S1)-LS,TOYOTA,041,NEW WHITE,NA,
TOYOTA 577 (S1)-LS,TOYOTA,577,YELLOW,NA,
TOYOTA 560 (S1)-LS,TOYOTA,560,LIGHT YELLOW,NA,
TOYOTA 763 (S1)-LS,TOYOTA,763,TURQUOISE BLUE,NA,
TOYOTA 532 (S1)-LS,TOYOTA,532,YELLOW,NA,
TOYOTA 541 (S1)-LS,TOYOTA,541,YELLOW,NA,
NISSAN YC (S1)-LS,NISSAN,YC,EBONY,NA,
NISSAN 333 (S1)-LS,NISSAN,333,GOLD,NA,
NISSAN EH3 (S1)-LS,NISSAN,EH3,DARK YELLOW,NA,
NISSAN KK9 (S1)-LS,NISSAN,KK9,GREY,NA,
NISSAN KK8 (S1)-LS,NISSAN,KK8,GREY,NA,
NISSAN QP2 (S1)-LS,NISSAN,QP2,GREENISH WHITE,NA,
NISSAN JK2 (S1)-LS,NISSAN,JK2,EMERALD,NA,
NISSAN WHI (S1)-LS,NISSAN,WHI,GLACIER WHITE,NA,
NISSAN G57 (S1)-LS,NISSAN,G57,GREY,NA,
NISSAN DV0 (S1)-LS,NISSAN,DV0,GREEN,NA,
NISSAN 758 (S1)-LS,NISSAN,758,GREEN,NA,
NISSAN 111 (S1)-LS,NISSAN,111,DARK BLUE,NA,
NISSAN TJ0 (S1)-LS,NISSAN,TJ0,DARK BLUE,NA,
NISSAN AK4 (S1)-LS,NISSAN,AK4,DARK RED,NA,
NISSAN CJ4 (S1)-LS,NISSAN,CJ4,DARK BROWN,NA,
NISSAN AH6 (S1)-LS,NISSAN,AH6,DARK REDDISH BROW,NA,
NISSAN AG64 (S1)-LS,NISSAN,AG64,DARK GREY,NA,
NISSAN K55 (S1)-LS,NISSAN,K55,GREY,NA,
NISSAN KJ0 (S1)-LS,NISSAN,KJ0,GREY,NA,
NISSAN 904 (S1)-LS,NISSAN,904,GRAND PRIX WHITE,NA,
NISSAN AH8 (S1)-LS,NISSAN,AH8,LIGHT REDDISH BROWN,NA,
NISSAN 353 (S1)-LS,NISSAN,353,GREEN,NA,
NISSAN KN3 (S1)-LS,NISSAN,KN3,GREY,NA,
NISSAN Z75 (S1)-LS,NISSAN,Z75,JAUNE,NA,
NISSAN 389 (S1)-LS,NISSAN,389,ICE WHITE,NA,
NISSAN ZUD (S1)-LS,NISSAN,ZUD,LEAF WHITE,NA,
NISSAN ZB0 (S1)-LS,NISSAN,ZB0,VERDE MOUSSE,NA,
NISSAN BL3 (S1)-LS,NISSAN,BL3,GREYISH BLUE,NA,
NISSAN EAS (S1)-LS,NISSAN,EAS,TAXI YELLOW,NA,
NISSAN RF (S1)-LS,NISSAN,RF,SUMMER BEIGE,NA,
NISSAN 132 (S1)-LS,NISSAN,132,LIGHT BLUE,NA,
NISSAN 921 (S1)-LS,NISSAN,921,MESA TAN,NA,
NISSAN 17A (S1)-LS,NISSAN,17A,LIGHT RED,NA,
NISSAN WK4 (S1)-LS,NISSAN,WK4,LAPPISH GREY,NA,
NISSAN Z39 (S1)-LS,NISSAN,Z39,MYOSOTIS BLUE,NA,
NISSAN 633 (S1)-LS,NISSAN,633,MINT,NA,
NISSAN QS0 (S1)-LS,NISSAN,QS0,NORDIC WHITE,NA,
NISSAN 49A (S1)-LS,NISSAN,49A,MOTOR IBERICA BLANCO,NA,
NISSAN 576 (S1)-LS,NISSAN,576,DARK BLUE,NA,
NISSAN BS4 (S1)-LS,NISSAN,BS4,DARK BLUE,NA,
NISSAN 808 (S1)-LS,NISSAN,808,DARK RED,NA,
NISSAN AL4 (S1)-LS,NISSAN,AL4,CRIMSON RED,NA,
TOYOTA 4E7 (S1)-LS,TOYOTA,4E7,IVORY,NA,
TOYOTA 1747 (S1)-LS,TOYOTA,1747,PERSEUS GREEN,NA,
TOYOTA 135 (S1)-LS,TOYOTA,135,TAUPE GREY,NA,
TOYOTA 705 (S1)-LS,TOYOTA,705,LOIRE TURQUOISE,NA,
TOYOTA 9K5 (S1)-LS,TOYOTA,9K5,ORANGE,NA,
TOYOTA 5B5 (S1)-LS,TOYOTA,5B5,LUMINOUS YELLOW,NA,
TOYOTA 4D1 (S1)-LS,TOYOTA,4D1,SHELL,NA,
TOYOTA 3T2 (S1)-LS,TOYOTA,3T2,MADDAR RED,NA,
TOYOTA 857 (S1)-LS,TOYOTA,857,MEDIUM BLUE,NA,
TOYOTA 3B2 (S1)-LS,TOYOTA,3B2,WINE,NA,
NISSAN NBH (S1)-LS,NISSAN,NBH,ROJO RAL 3000,NA,
NISSAN 323 (S1)-LS,NISSAN,323,RED,NA,
NISSAN JWN (S1)-LS,NISSAN,JWN,PALMA RED,NA,
NISSAN 013 (S1)-LS,NISSAN,013,RED,NA,
NISSAN NAZ (S1)-LS,NISSAN,NAZ,ROJO POSTE 061,NA,
NISSAN 041 (S1)-LS,NISSAN,041,RED,NA,
NISSAN AJ0 (S1)-LS,NISSAN,AJ0,TERRACOTTA,NA,
NISSAN 806 (S1)-LS,NISSAN,806,SUNRISE ORANGE,NA,
NISSAN EW3 (S1)-LS,NISSAN,EW3,SOLAR YELLOW,NA,
NISSAN KP0 (S1)-LS,NISSAN,KP0,GREY,NA,
KIA BB (S1)-LS,KIA,BB,AEGEAN BLUE,NA,
NISSAN 114 (S1)-LS,NISSAN,114,TAXI GREEN,NA,
NISSAN SG (S1)-LS,NISSAN,SG,SPRING GREEN,NA,
NISSAN DAK (S1)-LS,NISSAN,DAK,SOLID GREEN,NA,
NISSAN 016 (S1)-LS,NISSAN,016,SUNSHINE YELLOW,NA,
NISSAN ZC (S1)-LS,NISSAN,ZC,PURE WHITE,NA,
NISSAN 419 (S1)-LS,NISSAN,419,ORANGE,NA,
NISSAN 929 (S1)-LS,NISSAN,929,WHITE BEIGE,NA,
NISSAN RH1 (S1)-LS,NISSAN,RH1,REDDISH GREY,NA,
NISSAN 702 (S1)-LS,NISSAN,702,PUMPKIN YELLOW,NA,
NISSAN B34 (S1)-LS,NISSAN,B34,GREYISH BLUE,NA,
NISSAN 130 (S1)-LS,NISSAN,130,BEIGE,NA,
NISSAN AH7 (S1)-LS,NISSAN,AH7,REDDISH BROWN,NA,
NISSAN DH5 (S1)-LS,NISSAN,DH5,PALE AQUA,NA,
NISSAN LR1 (S1)-LS,NISSAN,LR1,PURPLE,NA,
NISSAN BK6 (S1)-LS,NISSAN,BK6,PURPLISH BLUE,NA,
NISSAN JG0 (S1)-LS,NISSAN,JG0,GREYISH OLIVE,NA,
NISSAN 597 (S1)-LS,NISSAN,597,OLIVE,NA,
NISSAN EH6 (S1)-LS,NISSAN,EH6,OLIVE GREY,NA,
NISSAN LA13 (S1)-LS,NISSAN,LA13,ORANGE RACING,NA,
SUZUKI 0BL (S1)-LS,SUZUKI,0BL,AVIGNON YELLOW,NA,
SUZUKI ZP9 (S1)-LS,SUZUKI,ZP9,AZURITE BLUE,NA,
SUZUKI 0RC (S1)-LS,SUZUKI,0RC,ALEUTIAN BLUE,NA,
SUZUKI Z9F (S1)-LS,SUZUKI,Z9F,BRIGHT WHITE,NA,
SUZUKI ZYJ (S1)-LS,SUZUKI,ZYJ,PAPRIKA ORANGE,NA,
SUZUKI 49T (S1)-LS,SUZUKI,49T,MILKY WHITE,NA,
SUZUKI Z1W (S1)-LS,SUZUKI,Z1W,FLASH RED,NA,
SUZUKI 31C (S1)-LS,SUZUKI,31C,PASTEL BLUE,NA,
SUZUKI 19N (S1)-LS,SUZUKI,19N,HAPPY RED,NA,
SUZUKI ZNB (S1)-LS,SUZUKI,ZNB,FERVENT RED,NA,
SUZUKI 37V (S1)-LS,SUZUKI,37V,MEDIUM RED,NA,
SUZUKI 1HY (S1)-LS,SUZUKI,1HY,IVORY WHITE,NA,
SUZUKI 24N (S1)-LS,SUZUKI,24N,MONT DORE BEIGE,NA,
SUZUKI ZF5 (S1)-LS,SUZUKI,ZF5,MISTY BLUE,NA,
SUZUKI 39V (S1)-LS,SUZUKI,39V,LONDON BLUE,NA,
SUZUKI ZB3 (S1)-LS,SUZUKI,ZB3,HORIZON BLUE,NA,
SUZUKI Z4E (S1)-LS,SUZUKI,Z4E,MONACO BLUE,NA,
SUZUKI 1DB (S1)-LS,SUZUKI,1DB,GREEN,NA,
SUZUKI Z1E (S1)-LS,SUZUKI,Z1E,NAPLES YELLOW,NA,
SUZUKI Z6K (S1)-LS,SUZUKI,Z6K,MIMOSA YELLOW,NA,
SUZUKI ZUT (S1)-LS,SUZUKI,ZUT,PASSION ORANGE,NA,
SUZUKI Z2Y (S1)-LS,SUZUKI,Z2Y,MIST GREEN,NA,
SUZUKI Z2E (S1)-LS,SUZUKI,Z2E,MILKY WHITE,NA,
SUZUKI 0RB (S1)-LS,SUZUKI,0RB,OLYMPUS WHITE,NA,
SUZUKI 21T (S1)-LS,SUZUKI,21T,SUPERIOR WHITE,NA,
SUZUKI 26U (S1)-LS,SUZUKI,26U,SUPERIOR WHITE,NA,
SUZUKI 0UP (S1)-LS,SUZUKI,0UP,VEGETABLE GREEN,NA,
SUZUKI 0FU (S1)-LS,SUZUKI,0FU,RED,NA,
SUZUKI 11S (S1)-LS,SUZUKI,11S,SNOW WHITE,NA,
SUZUKI Z07 (S1)-LS,SUZUKI,Z07,VICTORY RED,NA,
SUZUKI Z3V (S1)-LS,SUZUKI,Z3V,VIRIDIAN GREEN,NA,
SUZUKI 1SH (S1)-LS,SUZUKI,1SH,WILDFIRE RED,NA,
SUZUKI 1SC (S1)-LS,SUZUKI,1SC,SATIN BLACK,NA,
SUZUKI 1VC (S1)-LS,SUZUKI,1VC,SIBERIA BLUE,NA,
SUZUKI Z67 (S1)-LS,SUZUKI,Z67,SAGE GREEN,NA,
SUZUKI 11Y (S1)-LS,SUZUKI,11Y,ROYAL WINE RED,NA,
SUZUKI Z2F (S1)-LS,SUZUKI,Z2F,RED,NA,
SUZUKI ZUZ (S1)-LS,SUZUKI,ZUZ,SOLID PURE RED,NA,
SUZUKI 14G (S1)-LS,SUZUKI,14G,ST GERMAIN RED,NA,
SUZUKI 0FE (S1)-LS,SUZUKI,0FE,FOREST GREEN,NA,
SUZUKI 1HG (S1)-LS,SUZUKI,1HG,FLASH YELLOW,NA,
SUZUKI 31H (S1)-LS,SUZUKI,31H,GREY,NA,
SUZUKI Z5H (S1)-LS,SUZUKI,Z5H,BRIGHT RED,NA,
SUZUKI 13G (S1)-LS,SUZUKI,13G,APPLE RED,NA,
SUZUKI 1VD (S1)-LS,SUZUKI,1VD,CLASSIC RED,NA,
SUZUKI 0PZ (S1)-LS,SUZUKI,0PZ,CORDOBA RED,NA,
SUZUKI ZG1 (S1)-LS,SUZUKI,ZG1,VANILLA BEIGE,NA,
SUZUKI 1DC (S1)-LS,SUZUKI,1DC,YELLOW,NA,
SUZUKI 1ZC (S1)-LS,SUZUKI,1ZC,ANTIQUE RED,NA,
SUZUKI 09H (S1)-LS,SUZUKI,09H,AVIGNON YELLOW,NA,
SUZUKI 07B (S1)-LS,SUZUKI,07B,FANTASY BLACK,NA,
SUZUKI A20 (S1)-LS,SUZUKI,A20,RED RIVER ,NA,
SUZUKI 11F (S1)-LS,SUZUKI,11F,RED,NA,
SUZUKI 1AL (S1)-LS,SUZUKI,1AL,SAFARI BEIGE,NA,
SUZUKI 1GY (S1)-LS,SUZUKI,1GY,WILLOW GREEN,NA,
SUZUKI ZP7 (S1)-LS,SUZUKI,ZP7,SUNSHINE LEMON YELLOW,NA,
SUZUKI ZVL (S1)-LS,SUZUKI,ZVL,MEDIUM GRAY,NA,
SUZUKI 19H (S1)-LS,SUZUKI,19H,EMERALD GREEN,NA,
SUZUKI 0BJ (S1)-LS,SUZUKI,0BJ,AQUA BLUE,NA,
SUZUKI 26F (S1)-LS,SUZUKI,26F,QUATTRO BLUE,NA,
SUZUKI 0PW (S1)-LS,SUZUKI,0PW,RED,NA,
SUZUKI 16V (S1)-LS,SUZUKI,16V,SPECTRA RED,NA,
SUZUKI Y28 (S1)-LS,SUZUKI,Y28,ANTARES RED,NA,
KIA VR (S1)-LS,KIA,VR,CLASSIC RED,NA,
KIA BR (S1)-LS,KIA,BR,BRIGHT RED,NA,
KIA CR (S1)-LS,KIA,CR,CANADIAN RED,NA,
KIA FD (S1)-LS,KIA,FD,TREK RED,NA,
KIA P9 (S1)-LS,KIA,P9,SCARLET RED,NA,
KIA SR (S1)-LS,KIA,SR,SUNRISING RED,NA,
KIA PN (S1)-LS,KIA,PN,PERFORMANCE RED,NA,
KIA HL (S1)-LS,KIA,HL,RED,NA,
KIA CT (S1)-LS,KIA,CT,MARBLE BEIGE,NA,
KIA FA (S1)-LS,KIA,FA,MILKY BEIGE,NA,
KIA TN (S1)-LS,KIA,TN,CHROME YELLOW,NA,
KIA DYS (S1)-LS,KIA,DYS,DIGITAL YELLOW,NA,
KIA Y2 (S1)-LS,KIA,Y2,BRIGHT YELLOW,NA,
KIA GE (S1)-LS,KIA,GE,ELEGANCE GREEN,NA,
KIA BO (S1)-LS,KIA,BO,OCEAN BLUE,NA,
KIA AEQ (S1)-LS,KIA,AEQ,AQUA MINT,NA,
KIA FC (S1)-LS,KIA,FC,COMPOSE BLUE,NA,
KIA ABB (S1)-LS,KIA,ABB,ALICE BLUE,NA,
KIA G2 (S1)-LS,KIA,G2,GREEN,NA,
KIA BW (S1)-LS,KIA,BW,DARK MONTANA BLUE,NA,
KIA BM (S1)-LS,KIA,BM,MISTY BLUE,NA,
KIA BL (S1)-LS,KIA,BL,LIGHT BLUE,NA,
KIA GW (S1)-LS,KIA,GW,CREME BEIGE,NA,
KIA VD (S1)-LS,KIA,VD,CLEAR WHITE,NA,
KIA WH (S1)-LS,KIA,WH,ASPEN WHITE,NA,
KIA SA (S1)-LS,KIA,SA,SANTAMONICA BLUE,NA,
KIA Z7 (S1)-LS,KIA,Z7,POLAR WHITE,NA,
KIA PU (S1)-LS,KIA,PU,PERSIA BLUE,NA,
KIA GZ (S1)-LS,KIA,GZ,SOLID GREEN,NA,
KIA SY (S1)-LS,KIA,SY,SIGNAL YELLOW,NA,
KIA S7Y (S1)-LS,KIA,S7Y,SUNSET YELLOW,NA,
KIA ASE (S1)-LS,KIA,ASE,MISTY GREEN,NA,
KIA MV (S1)-LS,KIA,MV,LIGHT GREEN,NA,
KIA OA (S1)-LS,KIA,OA,SMART BLUE,NA,
KIA MA (S1)-LS,KIA,MA,MARINE BLUE,NA,
KIA AYE (S1)-LS,KIA,AYE,MUSTARD,NA,
MITSUBISHI W22 (S1)-LS,MITSUBISHI,W22,CRINUM WHITE,NA,
MITSUBISHI B97 (S1)-LS,MITSUBISHI,B97,AUTHENTIC BLUE,NA,
MITSUBISHI H50 (S1)-LS,MITSUBISHI,H50,BAIKAL GREY,NA,
MITSUBISHI Y32 (S1)-LS,MITSUBISHI,Y32,ARIZONA CREAM,NA,
MITSUBISHI S25 (S1)-LS,MITSUBISHI,S25,BEIGE,NA,
MITSUBISHI S49 (S1)-LS,MITSUBISHI,S49,BOHEMIA BEIGE,NA,
MITSUBISHI S90 (S1)-LS,MITSUBISHI,S90,CHARLES BEIGE,NA,
MITSUBISHI P02 (S1)-LS,MITSUBISHI,P02,CARNIVAL RED,NA,
MITSUBISHI R04 (S1)-LS,MITSUBISHI,R04,MEXICAN RED,NA,
MITSUBISHI R54 (S1)-LS,MITSUBISHI,R54,MAPLE RED,NA,
MITSUBISHI S70 (S1)-LS,MITSUBISHI,S70,FLORENCE BEIGE,NA,
MITSUBISHI C46 (S1)-LS,MITSUBISHI,C46,DARK BROWN,NA,
MITSUBISHI G27 (S1)-LS,MITSUBISHI,G27,DARK GREEN,NA,
MITSUBISHI G42 (S1)-LS,MITSUBISHI,G42,DERBY GREEN,NA,
MITSUBISHI JX (S1)-LS,MITSUBISHI,JX,CALYPSO RED,NA,
MITSUBISHI T44 (S1)-LS,MITSUBISHI,T44,DARK BLUE,NA,
MITSUBISHI Y77 (S1)-LS,MITSUBISHI,Y77,DANDELION YELLOW,NA,
MITSUBISHI B27 (S1)-LS,MITSUBISHI,B27,BLUE,NA,
MITSUBISHI W74 (S1)-LS,MITSUBISHI,W74,CALGARY WHITE,NA,
MITSUBISHI W72 (S1)-LS,MITSUBISHI,W72,FLOWER WHITE,NA,
MITSUBISHI Y01 (S1)-LS,MITSUBISHI,Y01,DANDELION YELLOW,NA,
MITSUBISHI Y43 (S1)-LS,MITSUBISHI,Y43,CUSTARD YELLOW,NA,
MITSUBISHI Y51 (S1)-LS,MITSUBISHI,Y51,CRESCENT YELLOW,NA,
MITSUBISHI T95 (S1)-LS,MITSUBISHI,T95,BORDEN BLUE,NA,
MITSUBISHI C91 (S1)-LS,MITSUBISHI,C91,BOSTON BROWN,NA,
MITSUBISHI R32 (S1)-LS,MITSUBISHI,R32,DARK RED,NA,
MITSUBISHI H49 (S1)-LS,MITSUBISHI,H49,FRENCH WHITE,NA,
MITSUBISHI O81 (S1)-LS,MITSUBISHI,O81,IVORY COAST ORANGE,NA,
MITSUBISHI R82 (S1)-LS,MITSUBISHI,R82,MONACO RED,NA,
MITSUBISHI G32 (S1)-LS,MITSUBISHI,G32,DARK GREEN,NA,
MITSUBISHI W45 (S1)-LS,MITSUBISHI,W45,PARIS WHITE,NA,
MITSUBISHI P23 (S1)-LS,MITSUBISHI,P23,RED,NA,
MITSUBISHI R59 (S1)-LS,MITSUBISHI,R59,PALMA RED,NA,
MITSUBISHI G43 (S1)-LS,MITSUBISHI,G43,LIBIRA GREEN,NA,
MITSUBISHI G63 (S1)-LS,MITSUBISHI,G63,MOSEL GREEN,NA,
MITSUBISHI G39 (S1)-LS,MITSUBISHI,G39,FLORES GREEN,NA,
MITSUBISHI T26 (S1)-LS,MITSUBISHI,T26,IONIA BLUE,NA,
MITSUBISHI T22 (S1)-LS,MITSUBISHI,T22,LIGHT BLUE,NA,
MITSUBISHI Y31 (S1)-LS,MITSUBISHI,Y31,LIGHT YELLOW,NA,
MITSUBISHI S33 (S1)-LS,MITSUBISHI,S33,JIZAN BEIGE,NA,
MITSUBISHI V78 (S1)-LS,MITSUBISHI,V78,GREYISH VIOLET,NA,
MITSUBISHI N40 (S1)-LS,MITSUBISHI,N40,MAWSON WHITE,NA,
MITSUBISHI V62 (S1)-LS,MITSUBISHI,V62,LAVENDER,NA,
MITSUBISHI C98 (S1)-LS,MITSUBISHI,C98,MALAGA BROWN,NA,
MITSUBISHI G49 (S1)-LS,MITSUBISHI,G49,MOSEL GREEN,NA,
MITSUBISHI H12 (S1)-LS,MITSUBISHI,H12,GREY,NA,
MITSUBISHI R80 (S1)-LS,MITSUBISHI,R80,MAHOGANY RED,NA,
MITSUBISHI R43 (S1)-LS,MITSUBISHI,R43,SHINING RED,NA,
MITSUBISHI R57 (S1)-LS,MITSUBISHI,R57,VENUS RED,NA,
MITSUBISHI TD0 (S1)-LS,MITSUBISHI,TD0,SONORA RED,NA,
MITSUBISHI R42 (S1)-LS,MITSUBISHI,R42,PAMIR RED,NA,
MITSUBISHI R73 (S1)-LS,MITSUBISHI,R73,NEW SAFARI RED,NA,
MITSUBISHI P04 (S1)-LS,MITSUBISHI,P04,NEW RED,NA,
MITSUBISHI R71 (S1)-LS,MITSUBISHI,R71,PASSION RED,NA,
MITSUBISHI R38 (S1)-LS,MITSUBISHI,R38,PASSION RED,NA,
MITSUBISHI Y72 (S1)-LS,MITSUBISHI,Y72,YELLOW,NA,
MITSUBISHI Y12 (S1)-LS,MITSUBISHI,Y12,YELLOW,NA,
MITSUBISHI F18 (S1)-LS,MITSUBISHI,F18,ARLES GREEN,NA,
MITSUBISHI G37 (S1)-LS,MITSUBISHI,G37,SCOTCH GREEN,NA,
MITSUBISHI B60 (S1)-LS,MITSUBISHI,B60,PEACOCK GREEN,NA,
MITSUBISHI G88 (S1)-LS,MITSUBISHI,G88,FIJI GREEN,NA,
MITSUBISHI B78 (S1)-LS,MITSUBISHI,B78,NAVY BLUE,NA,
MITSUBISHI B02 (S1)-LS,MITSUBISHI,B02,ROYAL BLUE,NA,
MITSUBISHI B03 (S1)-LS,MITSUBISHI,B03,PORTSIDE BLUE,NA,
MITSUBISHI T36 (S1)-LS,MITSUBISHI,T36,REIMS BLUE,NA,
MITSUBISHI T89 (S1)-LS,MITSUBISHI,T89,SHANNON BLUE,NA,
MITSUBISHI WWP (S1)-LS,MITSUBISHI,WWP,SARAJEVO WHITE,NA,
MITSUBISHI S47 (S1)-LS,MITSUBISHI,S47,NUT BEIGE,NA,
MITSUBISHI S66 (S1)-LS,MITSUBISHI,S66,SAND CREAM,NA,
MITSUBISHI N98 (S1)-LS,MITSUBISHI,N98,PORCELAIN WHITE,NA,
MITSUBISHI W16 (S1)-LS,MITSUBISHI,W16,NEW WHITE,NA,
MITSUBISHI B96 (S1)-LS,MITSUBISHI,B96,SUPER COSMIC BLUE,NA,
MITSUBISHI G66 (S1)-LS,MITSUBISHI,G66,VENEZIA TURQUOISE,NA,
MITSUBISHI H08 (S1)-LS,MITSUBISHI,H08,TRANSILVANIA GREY,NA,
MITSUBISHI W41 (S1)-LS,MITSUBISHI,W41,ST MORITZ WHITE,NA,
MITSUBISHI A61 (S1)-LS,MITSUBISHI,A61,STONE GREY,NA,
NISSAN 805 (S1)-LS,NISSAN,805,ASCOT BROWN MET,NA,
NISSAN Z59 (S1)-LS,NISSAN,Z59,BEIGE TAXI GERMANY,NA,
NISSAN 729 (S1)-LS,NISSAN,729,ARC WHITE,NA,
NISSAN FJ0 (S1)-LS,NISSAN,FJ0,AQUA GREY,NA,
NISSAN TD1 (S1)-LS,NISSAN,TD1,ASTER BLUE,NA,
NISSAN EH0 (S1)-LS,NISSAN,EH0,BEIGE,NA,
NISSAN 928 (S1)-LS,NISSAN,928,BEIGE,NA,
NISSAN 451 (S1)-LS,NISSAN,451,BEIGE,NA,
NISSAN ZC2 (S1)-LS,NISSAN,ZC2,AMARILLO C37,NA,
HONDA Y50 (S1)-LS,HONDA,Y50,CANARY YELLOW,NA,
HONDA Y53 (S1)-LS,HONDA,Y53,CARNIVAL YELLOW,NA,
HONDA RB70 (S1)-LS,HONDA,RB70,BAY BLUE,NA,
HONDA R85 (S1)-LS,HONDA,R85,CAIRNS CORAL,NA,
HONDA R90 (S1)-LS,HONDA,R90,CARMEN RED,NA,
HONDA R37 (S1)-LS,HONDA,R37,CARIBBEAN RED,NA,
HONDA NH519 (S1)-LS,HONDA,NH519,DIAMOND WHITE,NA,
HONDA NH82 (S1)-LS,HONDA,NH82,GREEK WHITE,NA,
HONDA NH565 (S1)-LS,HONDA,NH565,GRAND PRIX WHITE,NA,
HONDA NH538 (S1)-LS,HONDA,NH538,FROST WHITE,NA,
HONDA NH569 (S1)-LS,HONDA,NH569,MILOS WHITE,NA,
HONDA NH540 (S1)-LS,HONDA,NH540,DIAMOND WHITE,NA,
HONDA B94 (S1)-LS,HONDA,B94,MIDNIGHT BLUE,NA,
HONDA B32 (S1)-LS,HONDA,B32,BALTIC BLUE,NA,
HONDA B580 (S1)-LS,HONDA,B580,DEEP OCEAN BLUE,NA,
HONDA B38 (S1)-LS,HONDA,B38,CAPITAL BLUE,NA,
HONDA B82 (S1)-LS,HONDA,B82,PAUL RICARD BLUE,NA,
HONDA Y51 (S1)-LS,HONDA,Y51,PEARL YELLOW,NA,
HONDA Y54 (S1)-LS,HONDA,Y54,MAPLE YELLOW,NA,
HONDA Y58 (S1)-LS,HONDA,Y58,LUMINOUS YELLOW,NA,
HONDA GY9 (S1)-LS,HONDA,GY9,EDMOND GREEN,NA,
HONDA G76 (S1)-LS,HONDA,G76,BAYLEAF GREEN,NA,
HONDA BG24 (S1)-LS,HONDA,BG24,MERMAID BLUE,NA,
HONDA RP17 (S1)-LS,HONDA,RP17,ANGEL PINK,NA,
HONDA R513 (S1)-LS,HONDA,R513,FRAME RED,NA,
HONDA R501 (S1)-LS,HONDA,R501,LE MANS RED,NA,
HONDA R80 (S1)-LS,HONDA,R80,FESTIVAL RED,NA,
HONDA R46 (S1)-LS,HONDA,R46,DOMINICAN RED,NA,
HONDA YR88 (S1)-LS,HONDA,YR88,ALMOND CREAM,NA,
NISSAN Z84 (S1)-LS,NISSAN,Z84,AMARILLO Z84,NA,
HONDA Y63 (S1)-LS,HONDA,Y63,ORCHID YELLOW,NA,
HONDA Y48 (S1)-LS,HONDA,Y48,PANAMA IVORY,NA,
HONDA YR58 (S1)-LS,HONDA,YR58,SUEDE BEIGE,NA,
HONDA NMZ (S1)-LS,HONDA,NMZ,WHITE DIAMOND,NA,
HONDA NH0 (S1)-LS,HONDA,NH0,CHAMPIONSHIP WHITE,NA,
HONDA B70 (S1)-LS,HONDA,B70,OCEAN BLUE,NA,
HONDA B24 (S1)-LS,HONDA,B24,PYRENEES BLUE,NA,
HONDA NH61 (S1)-LS,HONDA,NH61,SHETLAND WHITE,NA,
HONDA NH854 (S1)-LS,HONDA,BH854,ULEXITE WHITE,NA,
HONDA RP22 (S1)-LS,HONDA,RP22,FURANO LAVENDER,NA,
HONDA R63-4 (S1)-LS,HONDA,R63-4,RED,NA,
HONDA R510 (S1)-LS,HONDA,R510,NEW FORMULA RED,NA,
HONDA R559 (S1)-LS,HONDA,R559,RACING ROSSO,NA,
HONDA R570 (S1)-LS,HONDA,R570,SUNLIGHT RED II,NA,
HONDA R97 (S1)-LS,HONDA,R97,ROMA RED,NA,
HONDA R39 (S1)-LS,HONDA,R39,VICTORIA RED,NA,
HONDA R94 (S1)-LS,HONDA,R94,SAN MARINO RED,NA,
HONDA R51 (S1)-LS,HONDA,R51,PHOENIX RED,NA,
HONDA R564 (S1)-LS,HONDA,R564,SUNLIGHT RED,NA,
HONDA 756 (S1)-LS,HONDA,756,RADIANT RED,NA,
HONDA GY31 (S1)-LS,HONDA,GY31,WASABI CREME,NA,
HONDA YR12 (S1)-LS,HONDA,YR12,POP ORANGE,NA,
HONDA Y56 (S1)-LS,HONDA,Y56,SUNLIGHT YELLOW,NA,
HONDA B609 (S1)-LS,HONDA,B609,SURF BLUE,NA,
HONDA G61 (S1)-LS,HONDA,G61,SIGNAL GREEN,NA,
HONDA Y45 (S1)-LS,HONDA,Y45,SUNNY YELLOW,NA,
HONDA B521 (S1)-LS,HONDA,B521,SKY BLUE,NA,
HONDA YR585 (S1)-LS,HONDA,YR585,SUNSET ORANGE II,NA,
HONDA YR617 (S1)-LS,HONDA,YR617,COOKIES CREAM,NA,
HONDA YR54 (S1)-LS,HONDA,YR54,DESERT TAN,NA,
HONDA BG19 (S1)-LS,HONDA,BG19,CLEAR BLUE,NA,
HONDA 833 (S1)-LS,HONDA,833,TROOPER BLUE,NA,
MERCEDES 373 (S1)-LS,MERCEDES,373,ATLANTISBLAU,NA,
MERCEDES 815 (S1)-LS,MERCEDES,815,ACHATGRUEN,NA,
MERCEDES 737 (S1)-LS,MERCEDES,737,ASPHALT GREY,NA,
MERCEDES 752 (S1)-LS,MERCEDES,752,CARRARAGRAU,NA,
MERCEDES 9215 (S1)-LS,MERCEDES,9215,ALASKAWEISS,NA,
MERCEDES 928 (S1)-LS,MERCEDES,928,IRISBLAU,NA,
MERCEDES 439 (S1)-LS,MERCEDES,439,CREME,NA,
MERCEDES 738 (S1)-LS,MERCEDES,738,GLETSCHERWEISS,NA,
MERCEDES 949 (S1)-LS,MERCEDES,949,KASKADENBLAU,NA,
MERCEDES 534 (S1)-LS,MERCEDES,534,FEUERROT,NA,
MERCEDES 590 (S1)-LS,MERCEDES,590,FEUEROPAL UNI,NA,
MERCEDES 381 (S1)-LS,MERCEDES,381,FLORAVIOLETT,NA,
MERCEDES 540 (S1)-LS,MERCEDES,540,BAROLOROT,NA,
MERCEDES 2502 (S1)-LS,MERCEDES,2502,BLUTORANGE,NA,
MERCEDES 582 (S1)-LS,MERCEDES,582,IMPERIALROT,NA,
MERCEDES 623 (S1)-LS,MERCEDES,623,HELLELFENBEIN,NA,
MERCEDES 1238 (S1)-LS,MERCEDES,1238,INKAGELB,NA,
MERCEDES 1250 (S1)-LS,MERCEDES,1250,LICHTGELB HELL,NA,
MERCEDES 594 (S1)-LS,MERCEDES,594,GLUTROT,NA,
MERCEDES 691 (S1)-LS,MERCEDES,691,LICHTGELB,NA,
MERCEDES 586 (S1)-LS,MERCEDES,586,MAGMAROT,NA,
MERCEDES 751 (S1)-LS,MERCEDES,751,LIASGRAU,NA,
MERCEDES 149 (S1)-LS,MERCEDES,149,POLARWEISS,NA,
MERCEDES 476 (S1)-LS,MERCEDES,476,GOLDBRAUN,NA,
MERCEDES 690 (S1)-LS,MERCEDES,690,HELLOCKER,NA,
MERCEDES 5856 (S1)-LS,MERCEDES,5856,TUERKISBLAU,NA,
MERCEDES 501 (S1)-LS,MERCEDES,501,ORIENTROT,NA,
MERCEDES 900 (S1)-LS,MERCEDES,900,SURFBLAU,NA,
MERCEDES 1914 (S1)-LS,MERCEDES,1914,SONNENGELB UNI,NA,
MERCEDES 681 (S1)-LS,MERCEDES,681,WEIZENGELB,NA,
MERCEDES 684 (S1)-LS,MERCEDES,684,TAIGABEIGE,NA,
MERCEDES 114 (S1)-LS,MERCEDES,114,TAUBENGRAU,NA,
MERCEDES 241 (S1)-LS,MERCEDES,241,RAVENNAGELB,NA,
MERCEDES 685 (S1)-LS,MERCEDES,685,YELLOWSTONE UNI,NA,
MERCEDES 158 (S1)-LS,MERCEDES,158,WEISSGRAU,NA,
MERCEDES 568 (S1)-LS,MERCEDES,568,SIGNALROT,NA,
MERCEDES 651 (S1)-LS,MERCEDES,651,PUEBLOBEIGE,NA,
MERCEDES 624 (S1)-LS,MERCEDES,624,YELLOW,NA,
MERCEDES 2603 (S1)-LS,MERCEDES,2603,TIEFORANGE,NA,
MERCEDES 516 (S1)-LS,MERCEDES,516,MITTELROT,NA,
MERCEDES 576 (S1)-LS,MERCEDES,576,RED,NA,
MERCEDES 9004 (S1)-LS,MERCEDES,9004,WHITE,NA,
MERCEDES 9678 (S1)-LS,MERCEDES,9678,REINWEISS,NA,
MERCEDES 945 (S1)-LS,MERCEDES,945,LAPISBLAU,NA,
GM WA7475 (S1)-LS,GM,WA7475,BRIGHT RED,NA,
GM WA9423 (S1)-LS,GM,WA9423,BRIGHT RED,NA,
GM WA3595 (S1)-LS,GM,WA3595,APPLE RED,NA,
GM WA5353 (S1)-LS,GM,WA5353,BRIGHT RED,NA,
GM WA9610 (S1)-LS,GM,WA9610,ALABASTER,NA,
GM WA9200 (S1)-LS,GM,WA9200,ANTELOPE BEIGE,NA,
GM WA466Y (S1)-LS,GM,WA466Y,BLAZE RED,NA,
GM WA9567 (S1)-LS,GM,WA9567,ARCTIC WHITE,NA,
GM WA7476 (S1)-LS,GM,WA7476,BRIGHT YELLOW,NA,
GM WA454B (S1)-LS,GM,WA454B,BRIMSTONE 3,NA,
GM WA453B (S1)-LS,GM,WA453B,BRIMSTONE 2,NA,
GM WA8057 (S1)-LS,GM,WA8057,CAMEL BEIGE,NA,
GM WA9830 (S1)-LS,GM,WA9830,BRIGHT TEAL,NA,
GM WA7391 (S1)-LS,GM,WA7391,ALMOND,NA,
GM WA7122 (S1)-LS,GM,WA7122,BRIARCLIFF TAN,NA,
GM WA8065 (S1)-LS,GM,WA8065,CARMINE,NA,
MERCEDES 459 (S1)-LS,MERCEDES,459,MAROONBRAUN,NA,
GM WA321D (S1)-LS,GM,WA321D,CRIMSON KING,NA,
GM WA421C (S1)-LS,GM,WA421C,CHEEKIE 3,NA,
GM WA413C (S1)-LS,GM,WA413C,CRUSH,NA,
GM WA9524 (S1)-LS,GM,WA9524,CARMINE,NA,
GM WA9961 (S1)-LS,GM,WA9961,COMPETITION BLUE,NA,
GM WA9804 (S1)-LS,GM,WA9804,COMPETITION YELLOW,NA,
GM WA2741 (S1)-LS,GM,WA2741,CAMEO CREAM,NA,
GM WA8973 (S1)-LS,GM,WA8973,COPPER BEIGE,NA,
GM WA8564 (S1)-LS,GM,WA8564,CHAMOIS,NA,
GM WA9611 (S1)-LS,GM,WA9611,CAMEL BEIGE,NA,
GM WA509F (S1)-LS,GM,WA509F,CREAM WHITE,NA,
GM WA3465 (S1)-LS,GM,WA3465,CLASSIC WHITE,NA,
GM WA3309 (S1)-LS,GM,WA3309,FLAME RED,NA,
GM WA9299 (S1)-LS,GM,WA9299,HAPPY RED,NA,
GM WA8265 (S1)-LS,GM,WA8265,DOESKIN TAN,NA,
GM WA9258 (S1)-LS,GM,WA9258,DARK GARNET,NA,
GM WA8066 (S1)-LS,GM,WA8066,DARK CARMINE,NA,
GM WA7156 (S1)-LS,GM,WA7156,DARK GREEN,NA,
GM WA7490 (S1)-LS,GM,WA7490,DARK JUNIPER,NA,
GM WA7498 (S1)-LS,GM,WA7498,FROST BEIGE,NA,
GM WA5299 (S1)-LS,GM,WA5299,GREEN,NA,
GM WA5300 (S1)-LS,GM,WA5300,LIGHT BEIGE,NA,
GM WA9087 (S1)-LS,GM,WA9087,KHAKI,NA,
GM WA8744 (S1)-LS,GM,WA8744,LIGHT DRIFTWOOD,NA,
GM WA9219 (S1)-LS,GM,WA9219,LIGHT BROWN,NA,
GM WA5196 (S1)-LS,GM,WA5196,DARK SANDALWOOD,NA,
GM WA9017 (S1)-LS,GM,WA9017,DOVE GREY,NA,
GM WA9663 (S1)-LS,GM,WA9663,GREEN,NA,
GM WA3231 (S1)-LS,GM,WA3231,GOLDWOOD,NA,
GM WA8557 (S1)-LS,GM,WA8557,CAMEO IVORY,NA,
GM WA8509 (S1)-LS,GM,WA8509,CREAM BEIGE,NA,
GM WA5108 (S1)-LS,GM,WA5108,OMAHA ORANGE,NA,
GM WA159E (S1)-LS,GM,WA159E,MARY KAY,NA,
GM WA9759 (S1)-LS,GM,WA9759,MARY KAY PINK,NA,
GM WA9201 (S1)-LS,GM,WA9201,MEDIUM MESA BROWN,NA,
GM WA5301 (S1)-LS,GM,WA5301,LIGHT TAUPE,NA,
GM WA129L (S1)-LS,GM,WA129L,PULSE RED,NA,
GM WA8832 (S1)-LS,GM,WA8832,RED,NA,
GM WA282B (S1)-LS,GM,WA282B,RED,NA,
GM WA4147 (S1)-LS,GM,WA4147,MILLE MIGLIA RED,NA,
GM WA4721 (S1)-LS,GM,WA4721,RED,NA,
GM WA9547 (S1)-LS,GM,WA9547,RED,NA,
GM WA9075 (S1)-LS,GM,WA9075,TORCH RED,NA,
GM WA9260 (S1)-LS,GM,WA9260,VICTORY RED,NA,
GM WA4007 (S1)-LS,GM,WA4007,RALLY RED,NA,
GM WA7260 (S1)-LS,GM,WA7260,PASTEL SANDSTONE,NA,
GM WA5285 (S1)-LS,GM,WA5285,RED,NA,
GM WA350D (S1)-LS,GM,WA350D,ISUZU YELLOW,NA,
GM WA131X (S1)-LS,GM,WA131X,LEMON PEEL,NA,
GM WA349D (S1)-LS,GM,WA349D,ISUZU BLUE,NA,
GM WA7495 (S1)-LS,GM,WA7495,MEDIUM BRIGHT RAISIN,NA,
GM WA9076 (S1)-LS,GM,WA9076,RED,NA,
GM WA523F (S1)-LS,GM,WA523F,HUGGER ORANGE,NA,
GM WA9593 (S1)-LS,GM,WA9593,TORCH RED,NA,
GM WA338 (S1)-LS,GM,WA338,SOLAR RED,NA,
GM WA5476 (S1)-LS,GM,WA5476,VICTORY RED,NA,
GM WA7154 (S1)-LS,GM,WA7154,MEDIUM BLUE,NA,
GM WA7211 (S1)-LS,GM,WA7211,SPECTRA RED,NA,
GM WA300N (S1)-LS,GM,WA300N,VELOCITY YELLOW TINT,NA,
GM WA9929 (S1)-LS,GM,WA9929,SUNFIRE YELLOW,NA,
GM WA8908 (S1)-LS,GM,WA8908,TALBOT YELLOW,NA,
GM WA253A (S1)-LS,GM,WA253A,WHEATLAND YELLOW,NA,
GM WA9418 (S1)-LS,GM,WA9418,WHEATLAND YELLOW,NA,
GM WA999J (S1)-LS,GM,WA999J,TAXI YELLOW,NA,
GM WA7381 (S1)-LS,GM,WA7381,ROMAN MAROON,NA,
GM WA9592 (S1)-LS,GM,WA9592,"	MEDIUM FLAX",NA,
GM WA5704 (S1)-LS,GM,WA5704,POLAR WHITE,NA,
GM WA8929 (S1)-LS,GM,WA8929,YELLOW GOLD,NA,
GM WA5247 (S1)-LS,GM,WA5247,WHEATLAND YELLOW,NA,
GM WA7382 (S1)-LS,GM,WA7382,SLATE GREY,NA,
GM WA5111 (S1)-LS,GM,WA5111,WHITE,NA,
GM WA8740 (S1)-LS,GM,WA8740,YELLOW GOLD,NA,
GM WA8758 (S1)-LS,GM,WA8758,SUNGOLD,NA,
GM WA628D (S1)-LS,GM,WA628D,SHOCK,NA,
GM WA408C (S1)-LS,GM,WA408C,SCORCHED,NA,
GM WA8525 (S1)-LS,GM,WA8525,YELLOW BEIGE,NA,
GM WA8920 (S1)-LS,GM,WA8920,TAN,NA,
GM WA9307 (S1)-LS,GM,WA9307,YELLOW BEIGE,NA,
GM WA8528 (S1)-LS,GM,WA8528,SEDONA TAN,NA,
MAZDA GW (S1)-LS,MAZDA,GW,AEGE BLUE,NA,
MAZDA HQ (S1)-LS,MAZDA,HQ,BLUE BLACK,NA,
MAZDA DV (S1)-LS,MAZDA,DV,BAY BLUE,NA,
MAZDA A2C (S1)-LS,MAZDA,A2C,DIAMOND WHITE,NA,
MAZDA A1L (S1)-LS,MAZDA,A1L,CRYSTAL WHITE,NA,
MAZDA A2W (S1)-LS,MAZDA,A2W,COOL WHITE,NA,
MAZDA YZ4 (S1)-LS,MAZDA,YZ4,CLASSIC WHITE CLEARCOAT,NA,
MAZDA PT (S1)-LS,MAZDA,PT,CHASTE WHITE,NA,
MAZDA RY (S1)-LS,MAZDA,RY,BORDEAUX RED,NA,
MAZDA Z9T (S1)-LS,MAZDA,Z9T,BRIGHT RED 2,NA,
MAZDA SQ (S1)-LS,MAZDA,SQ,BURNING RED,NA,
MAZDA E4 (S1)-LS,MAZDA,E4,BRIGHT RED,NA,
MAZDA A4S (S1)-LS,MAZDA,A4S,COLORADO RED,NA,
MAZDA A3E (S1)-LS,MAZDA,A3E,ETERNAL RED,NA,
MAZDA A2E (S1)-LS,MAZDA,A2E,BRIGHT BLUE,NA,
MAZDA FW (S1)-LS,MAZDA,FW,CALEDONIA GREEN,NA,
MAZDA FV (S1)-LS,MAZDA,FV,BORG GREEN,NA,
MAZDA TE (S1)-LS,MAZDA,TE,BEIGE,NA,
MAZDA TG (S1)-LS,MAZDA,TG,BRIGHT YELLOW,NA,
MAZDA GY (S1)-LS,MAZDA,GY,CECILE GREY,NA,
MAZDA A4B (S1)-LS,MAZDA,A4B,HONEY YELLOW,NA,
MAZDA VF (S1)-LS,MAZDA,VF,CALM BEIGE,NA,
MAZDA 5X (S1)-LS,MAZDA,5X,FRENCH CAMEL,NA,
MAZDA VE (S1)-LS,MAZDA,VE,GLEAM IVORY,NA,
MAZDA HF (S1)-LS,MAZDA,HF,FASCINATE BLUE,NA,
MAZDA A3Y (S1)-LS,MAZDA,A3Y,DARK TRUE BLUE,NA,
MAZDA EQ (S1)-LS,MAZDA,EQ,COSMIC GREEN,NA,
MAZDA VP (S1)-LS,MAZDA,VP,NEVADA BEIGE,NA,
MAZDA UH (S1)-LS,MAZDA,UH,IDYLL BEIGE,NA,
MAZDA 1HY (S1)-LS,MAZDA,1HY,IVORY WHITE,NA,
MAZDA VK (S1)-LS,MAZDA,VK,TAXI BEIGE,NA,
MAZDA VW (S1)-LS,MAZDA,VW,WHITE,NA,
MAZDA 9L (S1)-LS,MAZDA,9L,OXFORD WHITE,NA,
MAZDA SD (S1)-LS,MAZDA,SD,SANTOS RED,NA,
MAZDA SF (S1)-LS,MAZDA,SF,LAUDER RED,NA,
MAZDA ST (S1)-LS,MAZDA,ST,EARLY TOMATO,NA,
MAZDA NP (S1)-LS,MAZDA,NP,PURE RED,NA,
MAZDA NU (S1)-LS,MAZDA,NU,VINTAGE RED,NA,
MAZDA NT (S1)-LS,MAZDA,NT,VINTAGE RED,NA,
MAZDA S8 (S1)-LS,MAZDA,S8,SUNRISE RED,NA,
MAZDA A4A (S1)-LS,MAZDA,A4A,TRUE RED,NA,
MAZDA A3S (S1)-LS,MAZDA,A3S,SPORTS RED,NA,
MAZDA RZ (S1)-LS,MAZDA,RZ,MILANO RED,NA,
MAZDA A1T (S1)-LS,MAZDA,A1T,NIFTY RED,NA,
MAZDA DB (S1)-LS,MAZDA,DB,HARD BLUE,NA,
MAZDA HM (S1)-LS,MAZDA,HM,BOULOGNE VEIL,NA,
MAZDA HT (S1)-LS,MAZDA,HT,FRENCH GREEN,NA,
MAZDA DT (S1)-LS,MAZDA,DT,CERULEAN BLUE,NA,
MAZDA FZ (S1)-LS,MAZDA,FZ,HERBIE GREEN,NA,
MAZDA FY (S1)-LS,MAZDA,FY,CALM GREEN,NA,
MAZDA TA (S1)-LS,MAZDA,TA,CAMEL YELLOW,NA,
MAZDA VG (S1)-LS,MAZDA,VG,LIGHT BEIGE,NA,
MAZDA TK (S1)-LS,MAZDA,TK,NARCISSE YELLOW,NA,
MAZDA PU (S1)-LS,MAZDA,PU,VENETIAN RED,NA,
MAZDA NK (S1)-LS,MAZDA,NK,ROSS BROWN,NA,
MAZDA 0RA (S1)-LS,MAZDA,0RA,OCEAN DARK BLUE,NA,
MAZDA DU (S1)-LS,MAZDA,DU,MARINA BLUE,NA,
MAZDA DY (S1)-LS,MAZDA,DY,VENETIAN MIST BLUE,NA,
MAZDA HU (S1)-LS,MAZDA,HU,NEO GREEN,NA,
MAZDA SA (S1)-LS,MAZDA,SA,SUNSET WINE,NA,
MAZDA FR (S1)-LS,MAZDA,FR,PINE GREEN,NA,
MAZDA PF (S1)-LS,MAZDA,PF,VIVID CANARY,NA,
MAZDA TC (S1)-LS,MAZDA,TC,ORIENT YELLOW,NA,
MAZDA A1D (S1)-LS,MAZDA,A1D,NEPTUNE BLUE,NA,
MAZDA GV (S1)-LS,MAZDA,GV,MARINE BLUE,NA,
MAZDA FN (S1)-LS,MAZDA,FN,PRAIRIE GREEN,NA,
MAZDA FE (S1)-LS,MAZDA,FE,STELLA GREEN,NA,
MAZDA A3V (S1)-LS,MAZDA,A3V,NEO GREEN,NA,
MAZDA YW (S1)-LS,MAZDA,YW,SPACE YELLOW,NA,
MAZDA HZ (S1)-LS,MAZDA,HZ,SUNBURST YELLOW,NA,
MAZDA D6 (S1)-LS,MAZDA,D6,SCREAMING YELLOW,NA,
SUBARU ZCF (S1)-LS,SUBARU,ZCF,BRIGHT RED 5,NA,
SUBARU 645 (S1)-LS,SUBARU,645,BEIGE,NA,
SUBARU Y28 (S1)-LS,SUBARU,Y28,ANTARES RED,NA,
SUBARU 336 (S1)-LS,SUBARU,336,CARDINAL RED,NA,
SUBARU 057 (S1)-LS,SUBARU,057,CERAMIC WHITE,NA,
SUBARU 982 (S1)-LS,SUBARU,982,ARCTIC WHITE,NA,
SUBARU 477 (S1)-LS,SUBARU,477,CLASSICA GREEN,NA,
SUBARU 53C (S1)-LS,SUBARU,53C,BLUE,NA,
SUBARU 811 (S1)-LS,SUBARU,811,DARK BLUE,NA,
SUBARU 590 (S1)-LS,SUBARU,590,BAY BLUE,NA,
SUBARU 518 (S1)-LS,SUBARU,518,BRIGHT YELLOW,NA,
SUBARU 040 (S1)-LS,SUBARU,040,ELECTRIC YELLOW,NA,
SUBARU 797 (S1)-LS,SUBARU,797,BLAZE YELLOW,NA,
SUBARU 033 (S1)-LS,SUBARU,033,BRIGHT YELLOW 2,NA,
SUBARU NAD (S1)-LS,SUBARU,NAD,CHARLESITE YELLOW,NA,
SUBARU 259 (S1)-LS,SUBARU,259,CREAM YELLOW,NA,
SUBARU 570 (S1)-LS,SUBARU,570,GRACE BEIGE,NA,
SUBARU Z1W (S1)-LS,SUBARU,Z1W,FLASH RED,NA,
SUBARU 544 (S1)-LS,SUBARU,544,LIBERTY WHITE,NA,
SUBARU 898 (S1)-LS,SUBARU,898,MILKY WHITE,NA,
SUBARU 748 (S1)-LS,SUBARU,748,MAPLE BEIGE,NA,
SUBARU 469 (S1)-LS,SUBARU,469,CLASSICA IVORY,NA,
SUBARU 041 (S1)-LS,SUBARU,041,HIGH TECH ORANGE,NA,
SUBARU 037 (S1)-LS,SUBARU,037,HIGH TECH ORANGE,NA,
SUBARU B73 (S1)-LS,SUBARU,B73,LIGHT BLUE,NA,
SUBARU M3Y (S1)-LS,SUBARU,M3Y,HYPER BLUE,NA,
SUBARU 017 (S1)-LS,SUBARU,017,MILANO GREEN,NA,
SUBARU 054 (S1)-LS,SUBARU,054,POLAR WHITE,NA,
SUBARU 51E (S1)-LS,SUBARU,51E,PURE WHITE,NA,
SUBARU 955 (S1)-LS,SUBARU,955,POLARWHITE 2,NA,
SUBARU 180 (S1)-LS,SUBARU,180,YELLOW,NA,
SUBARU 43K (S1)-LS,SUBARU,43K,TOPAZ YELLOW,NA,
SUBARU 726 (S1)-LS,SUBARU,726,SPLENDOR RED,NA,
SUBARU 410 (S1)-LS,SUBARU,410,SPLENDOR RED,NA,
SUBARU C7P (S1)-LS,SUBARU,C7P,SAN REMO RED,NA,
SUBARU 946 (S1)-LS,SUBARU,946,RIO RED,NA,
SUBARU 685 (S1)-LS,SUBARU,685,SPILL RED,NA,
SUBARU 980 (S1)-LS,SUBARU,980,HORIZON BLUE,NA,
SUBARU 956 (S1)-LS,SUBARU,956,POSEIDON BLUE,NA,
SUBARU 394 (S1)-LS,SUBARU,394,RALLYE GREEN,NA,
SUBARU 650 (S1)-LS,SUBARU,650,GREEN,NA,
SUBARU 448 (S1)-LS,SUBARU,448,SEPIA,NA,
SUBARU 88N (S1)-LS,SUBARU,88N,WARM GREY,NA,
SUBARU 254 (S1)-LS,SUBARU,254,HARVEST BEIGE,NA,
SUBARU 25W (S1)-LS,SUBARU,25W,KIBAKEISATU BLUE,NA,
RANGE ROVER NCM (S1)-LS,RANGE ROVER,NCM,CHAMONIX WHITE,NA,
RANGE ROVER COS (S1)-LS,RANGE ROVER,COS,CRANBERRY RED,NA,
RANGE ROVER CUF (S1)-LS,RANGE ROVER,CUF,CORALLIN RED,NA,
RANGE ROVER HBP (S1)-LS,RANGE ROVER,HBP,ATLANTIC GREEN,NA,
RANGE ROVER CVA (S1)-LS,RANGE ROVER,CVA,BLAZE,NA,
RANGE ROVER ABA (S1)-LS,RANGE ROVER,ABA,ARIZONA TAN,NA,
RANGE ROVER SUB (S1)-LS,RANGE ROVER,SUB,ARAN BEIGE,NA,
RANGE ROVER 650 (S1)-LS,RANGE ROVER,650,OLD ENGLISH WHITE,NA,
RANGE ROVER NND (S1)-LS,RANGE ROVER,NND,WHITE DIAMOND,NA,
RANGE ROVER NUQ (S1)-LS,RANGE ROVER,NUQ,WHISTLER WHITE,NA,
RANGE ROVER NUC (S1)-LS,RANGE ROVER,NUC,ALPINE WHITE,NA,
RANGE ROVER NAL (S1)-LS,RANGE ROVER,NAL,CHAWTON WHITE,NA,
RANGE ROVER PUE (S1)-LS,RANGE ROVER,PUE,BELUGA BLACK,NA,
RANGE ROVER PMA (S1)-LS,RANGE ROVER,PMA,BLACK,NA,
RANGE ROVER FUQ (S1)-LS,RANGE ROVER,FUQ,BORREGO YELLOW,NA,
RANGE ROVER FAP (S1)-LS,RANGE ROVER,FAP,DAYTONA,NA,
RANGE ROVER 570 (S1)-LS,RANGE ROVER,570,CONISTON GREEN,NA,
RANGE ROVER 569 (S1)-LS,RANGE ROVER,569,BROOKLANDS GREEN,NA,
RANGE ROVER HUX (S1)-LS,RANGE ROVER,HUX,BROOKLANDS GREEN,NA,
RANGE ROVER HYJ (S1)-LS,RANGE ROVER,HYJ,CONISTON GREEN,NA,
RANGE ROVER 590 (S1)-LS,RANGE ROVER,590,MONZA RED,NA,
RANGE ROVER CPQ (S1)-LS,RANGE ROVER,CPQ,FLAME RED,NA,
RANGE ROVER 560 (S1)-LS,RANGE ROVER,560,MINI RED HOT,NA,
RANGE ROVER 2206 (S1)-LS,RANGE ROVER,2206,PANJIN RED,NA,
RANGE ROVER COX (S1)-LS,RANGE ROVER,COX,NEW CRANBERRY,NA,
RANGE ROVER 245 (S1)-LS,RANGE ROVER,245,SUNSET RED,NA,
RANGE ROVER SMF (S1)-LS,RANGE ROVER,SMF,OYSTER BEIGE,NA,
RANGE ROVER LUG (S1)-LS,RANGE ROVER,LUG,PEMBROKE GREY,NA,
RANGE ROVER JUH (S1)-LS,RANGE ROVER,JUH,ARLES BLUE,NA,
RANGE ROVER JUT (S1)-LS,RANGE ROVER,JUT,CALEDONIAN BLUE,NA,
RANGE ROVER LOC (S1)-LS,RANGE ROVER,LOC,HURRICANE GREY,NA,
RANGE ROVER HFU (S1)-LS,RANGE ROVER,HFU,KESWICK GREEN,NA,
RANGE ROVER HUJ (S1)-LS,RANGE ROVER,HUJ,EASTNOR GREEN,NA,
RANGE ROVER 327 (S1)-LS,RANGE ROVER,327,STRATOS BLUE,NA,
RANGE ROVER NCN (S1)-LS,RANGE ROVER,NCN,MALAYSIAN IVORY,NA,
JAGUAR LDC (S1)-LS,JAGUAR,LDC,CARLTON GREY,NA,
JAGUAR HEL (S1)-LS,JAGUAR,HEL,DARK GREEN,NA,
JAGUAR JDS (S1)-LS,JAGUAR,JDS,COACHLINE BLUE,NA,
JAGUAR NEA (S1)-LS,JAGUAR,NEA,COACHLINE CREAM,NA,
JAGUAR FCA (S1)-LS,JAGUAR,FCA,ALMOND BEIGE,NA,
JAGUAR CDG (S1)-LS,JAGUAR,CDG,DAMSON RED,NA,
JAGUAR CEL (S1)-LS,JAGUAR,CEL,BURGUNDY RED,NA,
JAGUAR NDP (S1)-LS,JAGUAR,NDP,GLACIER WHITE 2,NA,
JAGUAR CGL (S1)-LS,JAGUAR,CGL,PHOENIX,NA,
JAGUAR CGJ (S1)-LS,JAGUAR,CGJ,PHOENIX,NA,
JAGUAR CEH (S1)-LS,JAGUAR,CEH,GRENADIER RED,NA,
JAGUAR NMB (S1)-LS,JAGUAR,NMB,POLICE WHITE,NA,
JAGUAR HDS (S1)-LS,JAGUAR,HDS,COACHLINE AEGEAN,NA,
JAGUAR NDB (S1)-LS,JAGUAR,NDB,OLD ENGLISH WHITE,NA,
JAGUAR NEE (S1)-LS,JAGUAR,NEE,SPINDRIFT WHITE,NA,
JAGUAR LDN (S1)-LS,JAGUAR,LDN,PURBECK GREY,NA,
JAGUAR JYG (S1)-LS,JAGUAR,JYG,FRENCH RACING BLUE,NA,
JAGUAR HGD (S1)-LS,JAGUAR,HGD,BRITISH RACING GREEN,NA,
JAGUAR HER (S1)-LS,JAGUAR,HER,JAGUAR RACING GREEN,NA,
JAGUAR LGA (S1)-LS,JAGUAR,LGA,COACHLINE GREY,NA,
JAGUAR JHG (S1)-LS,JAGUAR,JHG,WESTMINSTER BLUE,NA,
JAGUAR NDM (S1)-LS,JAGUAR,NDM,SPINDRIFT WHITE,NA,
JAGUAR LEB (S1)-LS,JAGUAR,LEB,DOVE GREY,NA,
MINI C24 (S1)-LS,MINI,C24,LAPISLUXURY BLUE,NA,
MINI B19 (S1)-LS,MINI,B19,LIGHT COFFEE,NA,
MINI C19 (S1)-LS,MINI,C19,REBEL GREEN,NA,
MINI 854 (S1)-LS,MINI,854,FLAMENCO ORANGE,NA,
MINI B16 (S1)-LS,MINI,B16,PURE RED,NA,
MINI B28 (S1)-LS,MINI,B28,ICE BLUE UNI,NA,
MINI B15 (S1)-LS,MINI,B15,LIGHT WHITE,NA,
MINI B17 (S1)-LS,MINI,B17,BRIGHT YELLOW,NA,
MINI C1V (S1)-LS,MINI,C1V,CHESTNUT,NA,
PEUGEOT 1132 (S1)-LS,PEUGEOT,1132,BLANC AROSA,NA,
PEUGEOT EWM (S1)-LS,PEUGEOT,EWM,BLANC CYGNE,NA,
PEUGEOT EWL (S1)-LS,PEUGEOT,EWL,BLANC BETA,NA,
PEUGEOT EWP (S1)-LS,PEUGEOT,EWP,BLANC BANQUISE,NA,
PEUGEOT ECX (S1)-LS,PEUGEOT,ECX,BEIGE TIBESTI,NA,
PEUGEOT EDW (S1)-LS,PEUGEOT,EDW,BEIGE ANTILOPE,NA,
PEUGEOT ELE (S1)-LS,PEUGEOT,ELE,BLEU CIEL,NA,
PEUGEOT KBK (S1)-LS,PEUGEOT,KBK,BLEU HAWAI,NA,
PEUGEOT ENE (S1)-LS,PEUGEOT,ENE,BLEU GENTIANE,NA,
PEUGEOT ELF (S1)-LS,PEUGEOT,ELF,BLEU FJORD,NA,
PEUGEOT ELM (S1)-LS,PEUGEOT,ELM,BLEU CARAIBES,NA,
PEUGEOT ESD (S1)-LS,PEUGEOT,ESD,BLEU BERMUDES,NA,
PEUGEOT EPC (S1)-LS,PEUGEOT,EPC,BLEU LAZULI,NA,
PEUGEOT KPV (S1)-LS,PEUGEOT,KPV,BLEU LINE,NA,
PEUGEOT ENB (S1)-LS,PEUGEOT,ENB,BLEU GENDARMERIE,NA,
PEUGEOT KMJ (S1)-LS,PEUGEOT,KMJ,BLEU GEA,NA,
PEUGEOT MOMH (S1)-LS,PEUGEOT,MOMH,CARTE BLANCHE,NA,
PEUGEOT ENN (S1)-LS,PEUGEOT,ENN,BLEU SAVIEM,NA,
PEUGEOT ENH (S1)-LS,PEUGEOT,ENH,HELLO YELLOW,NA,
PEUGEOT ECE (S1)-LS,PEUGEOT,ECE,BEIGE AMBULANCE ALLEMAGNE,NA,
PEUGEOT EMN (S1)-LS,PEUGEOT,EMN,BLEU LIPARI,NA,
PEUGEOT KDP (S1)-LS,PEUGEOT,KDP,BLEU PANTONE 7459C,NA,
PEUGEOT ELS- (S1)-LS,PEUGEOT,ELS,BLEU MAGELLAN,NA,
PORSCHE 3AR (S1)-LS,PORSCHE,3AR,BLAUTUERKIS,NA,
PORSCHE 60G (S1)-LS,PORSCHE,60G,BOARD PERFECT GRAU,NA,
PORSCHE 37P (S1)-LS,PORSCHE,37P,BLAU,NA,
PORSCHE 139 (S1)-LS,PORSCHE,139,BLUETENGELB,NA,
PORSCHE 30E (S1)-LS,PORSCHE,30E,BAHIAROT,NA,
PORSCHE 21A (S1)-LS,PORSCHE,21A,BRITISH RACING GREEN,NA,
PORSCHE 26A (S1)-LS,PORSCHE,26A,BROOKLAND GREEN,NA,
PORSCHE 548 (S1)-LS,PORSCHE,548,APRICOTBEIGE,NA,
PORSCHE 39D (S1)-LS,PORSCHE,39D,AMARANTVIOLETT,NA,
PEUGEOT ENZ (S1)-LS,PEUGEOT,ENZ,BLEU SQUADRON,NA,
PORSCHE 11A (S1)-LS,PORSCHE,11A,GELB,NA,
PORSCHE 84P (S1)-LS,PORSCHE,84P,DUNKELROT,NA,
PORSCHE 12B (S1)-LS,PORSCHE,12B,CAMELGELB,NA,
PORSCHE 3AT (S1)-LS,PORSCHE,3AT,FIRNWEISS,NA,
PORSCHE 92R (S1)-LS,PORSCHE,92R,GRAND PRIX WEISS,NA,
PORSCHE 11U (S1)-LS,PORSCHE,11U,GELB,NA,
PORSCHE 11P (S1)-LS,PORSCHE,11P,GELB,NA,
PORSCHE 23U (S1)-LS,PORSCHE,23U,DARK GREEN,NA,
PORSCHE 3BK (S1)-LS,PORSCHE,3BK,BUGATTIBLAU,NA,
PORSCHE 347 (S1)-LS,PORSCHE,347,DUNKELBLAU,NA,
PORSCHE 610 (S1)-LS,PORSCHE,610,GRUEN,NA,
PORSCHE M9A (S1)-LS,PORSCHE,M9A,KREIDE,NA,
PORSCHE 3B4 (S1)-LS,PORSCHE,3B4,GULFBLAU,NA,
PORSCHE 019 (S1)-LS,PORSCHE,019,GULF ORANGE,NA,
PORSCHE M2A (S1)-LS,PORSCHE,M2A,LAVAORANGE,NA,
PORSCHE 80K (S1)-LS,PORSCHE,80K,INDISCHROT,NA,
PORSCHE LY5B (S1)-LS,PORSCHE,LY5B,KOPENHAGENBLAU,NA,
PORSCHE 22X (S1)-LS,PORSCHE,22X,JADEGRUEN,NA,
PORSCHE 499 (S1)-LS,PORSCHE,499,KERAMIKBEIGE,NA,
PORSCHE 23H (S1)-LS,PORSCHE,23H,PASTELLGRUEN,NA,
PORSCHE 3A6 (S1)-LS,PORSCHE,3A6,NAUTIKBLAU,NA,
PORSCHE 22C (S1)-LS,PORSCHE,22C,MURANOGRUEN,NA,
PORSCHE 38B (S1)-LS,PORSCHE,38B,MARITIMBLAU,NA,
PORSCHE M5C (S1)-LS,PORSCHE,M5C,MIAMIBLAU,NA,
PORSCHE 61H (S1)-LS,PORSCHE,61H,MODEGRAU,NA,
PORSCHE 60M (S1)-LS,PORSCHE,60M,LEINENGRAU,NA,
PORSCHE 81F (S1)-LS,PORSCHE,81F,MALVENROT,NA,
PORSCHE 012 (S1)-LS,PORSCHE,012,POLOROT,NA,
PORSCHE 856 (S1)-LS,PORSCHE,856,MARSROT,NA,
PORSCHE 12L (S1)-LS,PORSCHE,12L,PASTELLGELB,NA,
PORSCHE 536 (S1)-LS,PORSCHE,536,PASTELLBEIGE,NA,
PORSCHE 22R (S1)-LS,PORSCHE,22R,MINTGRUEN,NA,
PORSCHE 81Z (S1)-LS,PORSCHE,81Z,ORIENTROT,NA,
PORSCHE 38H (S1)-LS,PORSCHE,38H,VIOLABLAU,NA,
PORSCHE 36T (S1)-LS,PORSCHE,36T,VIOLETT,NA,
PORSCHE 21M (S1)-LS,PORSCHE,21M,TUERKIS,NA,
PORSCHE 22S (S1)-LS,PORSCHE,22S,SIGNALGRUEN,NA,
PORSCHE 24L (S1)-LS,PORSCHE,24L,SMARAGD GRUEN,NA,
PORSCHE 527 (S1)-LS,PORSCHE,527,SANDGRAU,NA,
PORSCHE 12G (S1)-LS,PORSCHE,12G,SPEEDGELB,NA,
PORSCHE M1C (S1)-LS,PORSCHE,M1C,SANDGELB,NA,
PORSCHE 1S1 (S1)-LS,PORSCHE,1S1,RACINGGELB,NA,
PORSCHE 83P (S1)-LS,PORSCHE,83P,SAGAROT,NA,
PORSCHE 82N (S1)-LS,PORSCHE,82N,STERNRUBIN,NA,
PORSCHE 10F (S1)-LS,PORSCHE,10F,ZINKGELB,NA,
FIAT 258A (S1)-LS,FIAT,258A,GIALLO MODENA,NA,
LADA 201 (S1)-LS,LADA,201,WEISS,NA,
LADA 202 (S1)-LS,LADA,202,SCHNEEWEISS,NA,
TOYOTA 040 (S3)-LS,TOYOTA,40,SUPER WHITE,NA,
LADA 601 (S1)-LS,LADA,601,SCHWARZ,NA,
RAL 3028 (S1),RAL,3028,REINROT,NA,
RAL 6037 (S1),RAL,6037,REINGRUEN,NA,
HYUNDAI PGU (S2)-LS,HYUNDAI,PGU,CRYSTAL WHITE,NA,
BMW 300 (S1)-LS,BMW,300,ALPINWEISS III,NA,
AUDI LH7J (S1)-LS,AUDI,LH7J,PURE GREY,NA,
TOYOTA 5A3 (S1)-LS,TOYOTA,5A3,PASSIONATE YELLOW,NA,
VOLVO 1103 (S1)-LS,VOLVO,1103,WINTER WHITE,NA,
